order_id,user_id,username,email,age,country,city,membership,product_id,product_name,category,brand,platform,unit_price_cop,quantity,discount_percent,total_price_cop,rating,review,order_date,delivery_date,delivery_days,order_status,payment_method
ORD00237,USR021,AlphaWave,alphawave@outlook.com,45,México,Caracas,Elite,PRD008,Starfield,Videojuego,Bethesda,Xbox Series X,249900,3,20,599760,5,"Excelente calidad, llegó en perfecto estado.",2024-01-24,2024-02-08,15,Cancelado,PayPal
ORD00201,USR018,ZenithGamer,zenithgamer@outlook.com,43,México,Santiago,Free,ACC023,Teclado Razer BlackWidow V4,Accesorio,Razer,PC,649900,2,5,1234810,5,Superó todas mis expectativas. 100% recomendado.,2023-08-08,2023-08-18,10,Completado,Tarjeta Débito
ORD00547,USR045,YmirsCall,ymirscall@outlook.com,31,Colombia,Medellín,Free,CON005,Nintendo Switch OLED,Consola,Nintendo,Nintendo Switch,1599900,1,20,1279920,5,"Excelente calidad, llegó en perfecto estado.",2023-08-17,2023-08-26,9,Completado,Cripto
ORD00228,USR020,TitanFall88,titanfall88@hotmail.com,27,Chile,Ciudad de México,Elite,ACC019,Cargador DualSense Sony Station,Accesorio,Sony,PS5,199900,3,0,599700,4,"Casi perfecto, pequeños detalles pero en general bueno.",2023-01-18,2023-01-24,6,Completado,Daviplata
ORD00025,USR003,PixelKnight,pixelknight@outlook.com,39,México,Quito,Free,CON003,Xbox Series X 1TB,Consola,Microsoft,Xbox Series X,1999900,1,20,1599920,3,"Ni muy bueno ni muy malo, promedio.",2023-09-13,2023-09-24,11,Completado,Efecty
ORD00175,USR016,RedPhoenix,redphoenix@gmail.com,38,México,Bogotá,Elite,ACC019,Cargador DualSense Sony Station,Accesorio,Sony,PS5,199900,3,0,599700,5,"Top tier, no hay nada mejor en el mercado.",2023-10-19,2023-10-21,2,Completado,PayPal
ORD00309,USR026,FlameCore,flamecore@hotmail.com,24,México,Buenos Aires,Premium,CON001,PlayStation 5 Slim Digital,Consola,Sony,PS5,1899900,1,0,1899900,5,"Top tier, no hay nada mejor en el mercado.",2024-12-12,2024-12-16,4,Completado,PSE
ORD00438,USR036,PlasmaFist,plasmafist@outlook.com,32,Perú,Quito,Free,CON004,Xbox Series S 512GB,Consola,Microsoft,Xbox Series S,1299900,1,10,1169910,5,"Top tier, no hay nada mejor en el mercado.",2023-10-08,2023-10-14,6,Enviado,Tarjeta Débito
ORD00277,USR023,ChronoSniper,chronosniper@hotmail.com,28,Perú,Quito,Free,PRD016,Halo Infinite,Videojuego,343 Industries,Xbox Series X,149900,3,10,404730,5,"Excelente calidad, llegó en perfecto estado.",2023-07-29,2023-08-05,7,Procesando,Daviplata
ORD00118,USR010,ArcaneRift,arcanerift@gmail.com,20,Chile,Lima,Free,ACC014,Mousepad XL Razer Goliathus Extended,Accesorio,Razer,PC,149900,2,10,269820,3,"Aceptable, tiene sus pros y contras.",2023-08-28,2023-09-05,8,Completado,Nequi
ORD00400,USR034,NexusRaider,nexusraider@gmail.com,21,Venezuela,Caracas,Free,ACC019,Cargador DualSense Sony Station,Accesorio,Sony,PS5,199900,3,0,599700,4,"Casi perfecto, pequeños detalles pero en general bueno.",2024-08-04,2024-08-14,10,Completado,Daviplata
ORD00143,USR012,QuantumAce,quantumace@outlook.com,43,España,Caracas,Free,ACC010,Headset SteelSeries Arctis Nova Pro,Accesorio,SteelSeries,PC,899900,3,0,2699700,4,"Muy buen producto, estoy satisfecho.",2023-05-26,2023-06-07,12,Completado,Nequi
ORD00385,USR032,LightningRod,lightningrod@hotmail.com,20,Ecuador,Medellín,Free,ACC002,Control DualSense PS5 Negro,Accesorio,Sony,PS5,399900,2,15,679830,4,"Cumple con lo prometido, buen producto.",2023-05-03,2023-05-05,2,Completado,Tarjeta Crédito
ORD00443,USR036,PlasmaFist,plasmafist@outlook.com,32,Perú,Quito,Free,PRD009,Final Fantasy XVI,Videojuego,Square Enix,PS5,279900,3,20,671760,3,"Aceptable, tiene sus pros y contras.",2023-01-09,2023-01-13,4,Completado,Daviplata
ORD00108,USR010,ArcaneRift,arcanerift@gmail.com,20,Chile,Lima,Free,ACC017,Soporte para auriculares Razer Base Station V2,Accesorio,Razer,PC,249900,3,0,749700,3,"Podría ser mejor, pero funciona.",2024-03-28,2024-04-03,6,Devuelto,Daviplata
ORD00127,USR011,BladeRunner7,bladerunner7@hotmail.com,18,Venezuela,Medellín,Free,PRD018,Pokémon Scarlet,Videojuego,Game Freak,Nintendo Switch,249900,1,0,249900,5,"¡Increíble, lo mejor que he comprado!",2024-07-07,2024-07-12,5,Completado,PayPal
ORD00460,USR038,RogueAgent,rogueagent@hotmail.com,40,España,Medellín,Free,ACC020,Memory Card PS5 1TB Seagate,Accesorio,Seagate,PS5,499900,2,0,999800,5,"¡Increíble, lo mejor que he comprado!",2023-11-26,2023-12-09,13,Enviado,Tarjeta Crédito
ORD00364,USR030,JadeWarden,jadewarden@outlook.com,33,Perú,Caracas,Premium,ACC014,Mousepad XL Razer Goliathus Extended,Accesorio,Razer,PC,149900,3,0,449700,4,"Buen rendimiento, lo usaré por mucho tiempo.",2023-06-06,2023-06-11,5,Completado,Nequi
ORD00322,USR026,FlameCore,flamecore@hotmail.com,24,México,Buenos Aires,Premium,CON002,PlayStation 5 Slim Disc,Consola,Sony,PS5,2199900,1,15,1869915,5,Superó todas mis expectativas. 100% recomendado.,2024-11-24,2024-12-07,13,Completado,PayPal
ORD00310,USR026,FlameCore,flamecore@hotmail.com,24,México,Buenos Aires,Premium,PRD019,Dead Space Remake,Videojuego,EA,PS5,229900,3,0,689700,5,"Top tier, no hay nada mejor en el mercado.",2024-05-17,2024-05-27,10,Completado,Daviplata
ORD00403,USR034,NexusRaider,nexusraider@gmail.com,21,Venezuela,Caracas,Free,PRD004,Spider-Man 2,Videojuego,Sony,PS5,279900,1,0,279900,3,"Ni muy bueno ni muy malo, promedio.",2024-12-22,2025-01-06,15,Completado,PSE
ORD00565,USR046,ZephyrX,zephyrx@gmail.com,44,Perú,Buenos Aires,Free,CON007,Steam Deck 512GB OLED,Consola,Valve,PC,1799900,1,10,1619910,4,"Buen rendimiento, lo usaré por mucho tiempo.",2024-07-24,2024-08-01,8,Completado,Cripto
ORD00305,USR025,EpicLancer,epiclancer@gmail.com,42,Colombia,Lima,Premium,ACC017,Soporte para auriculares Razer Base Station V2,Accesorio,Razer,PC,249900,2,0,499800,3,"Regular, esperaba algo mejor.",2023-10-03,2023-10-08,5,Completado,PayPal
ORD00078,USR006,LunaHunter,lunahunter@outlook.com,35,Colombia,Quito,Free,PRD016,Halo Infinite,Videojuego,343 Industries,Xbox Series X,149900,1,15,127415,4,"Buen rendimiento, lo usaré por mucho tiempo.",2023-06-10,2023-06-11,1,Completado,Cripto
ORD00592,USR048,BurnoutKing,burnoutking@outlook.com,31,México,Quito,Free,PRD007,Baldur's Gate 3,Videojuego,Larian Studios,PC,219900,3,5,626715,4,"Buena relación calidad-precio, lo recomiendo.",2023-08-30,2023-09-08,9,Completado,PayPal
ORD00182,USR016,RedPhoenix,redphoenix@gmail.com,38,México,Bogotá,Elite,PRD008,Starfield,Videojuego,Bethesda,Xbox Series X,249900,2,0,499800,4,"Buena relación calidad-precio, lo recomiendo.",2023-01-17,2023-01-28,11,Completado,Daviplata
ORD00355,USR029,IceCrawler,icecrawler@hotmail.com,24,Argentina,Buenos Aires,Elite,ACC002,Control DualSense PS5 Negro,Accesorio,Sony,PS5,399900,2,5,759810,5,"Absolutamente épico, vale cada peso.",2024-10-05,2024-10-17,12,Completado,Cripto
ORD00238,USR021,AlphaWave,alphawave@outlook.com,45,México,Caracas,Elite,PRD019,Dead Space Remake,Videojuego,EA,PS5,229900,1,15,195415,4,"Cumple con lo prometido, buen producto.",2023-03-22,2023-03-28,6,Procesando,Cripto
ORD00341,USR028,HexBlade,hexblade@gmail.com,31,Venezuela,Madrid,Free,PRD009,Final Fantasy XVI,Videojuego,Square Enix,PS5,279900,2,15,475830,5,Superó todas mis expectativas. 100% recomendado.,2023-10-11,2023-10-25,14,Completado,Nequi
ORD00211,USR019,EchoStrike,echostrike@gmail.com,30,España,Cali,Free,ACC006,Control Pro Nintendo Switch,Accesorio,Nintendo,Nintendo Switch,449900,3,10,1214730,3,"Ni muy bueno ni muy malo, promedio.",2024-08-17,2024-08-20,3,Completado,PSE
ORD00386,USR032,LightningRod,lightningrod@hotmail.com,20,Ecuador,Medellín,Free,PRD014,Mortal Kombat 1,Videojuego,NetherRealm,Xbox Series X,249900,2,5,474810,3,"Ni muy bueno ni muy malo, promedio.",2024-12-29,2025-01-02,4,Cancelado,Tarjeta Crédito
ORD00380,USR032,LightningRod,lightningrod@hotmail.com,20,Ecuador,Medellín,Free,PRD004,Spider-Man 2,Videojuego,Sony,PS5,279900,1,20,223920,5,"Absolutamente épico, vale cada peso.",2023-04-06,2023-04-07,1,Procesando,Efecty
ORD00234,USR021,AlphaWave,alphawave@outlook.com,45,México,Caracas,Elite,ACC008,Mouse Logitech G Pro X Superlight,Accesorio,Logitech,PC,549900,2,0,1099800,5,"Absolutamente épico, vale cada peso.",2024-11-28,2024-12-09,11,Completado,Cripto
ORD00573,USR046,ZephyrX,zephyrx@gmail.com,44,Perú,Buenos Aires,Free,PRD016,Halo Infinite,Videojuego,343 Industries,Xbox Series X,149900,3,20,359760,1,"Terrible producto, perdí mi dinero.",2023-06-11,2023-06-13,2,Devuelto,PSE
ORD00570,USR046,ZephyrX,zephyrx@gmail.com,44,Perú,Buenos Aires,Free,ACC013,Silla Gamer Secretlab Titan EVO,Accesorio,Secretlab,Universal,2499900,3,20,5999760,4,"Buena relación calidad-precio, lo recomiendo.",2024-12-29,2025-01-08,10,Completado,Cripto
ORD00352,USR029,IceCrawler,icecrawler@hotmail.com,24,Argentina,Buenos Aires,Elite,ACC018,Cable HDMI 2.1 8K Belkin,Accesorio,Belkin,Universal,99900,2,0,199800,5,Superó todas mis expectativas. 100% recomendado.,2024-03-08,2024-03-20,12,Completado,Efecty
ORD00319,USR026,FlameCore,flamecore@hotmail.com,24,México,Buenos Aires,Premium,ACC004,Control Xbox Elite Series 2,Accesorio,Microsoft,Xbox Series X,749900,1,15,637415,4,"Buena relación calidad-precio, lo recomiendo.",2023-03-29,2023-03-31,2,Enviado,PSE
ORD00478,USR040,TurboGhost,turboghost@gmail.com,39,Perú,Quito,Free,ACC015,Webcam Elgato Facecam,Accesorio,Elgato,PC,699900,1,20,559920,3,Cumple su función pero nada del otro mundo.,2024-12-13,2024-12-25,12,Completado,Tarjeta Débito
ORD00405,USR034,NexusRaider,nexusraider@gmail.com,21,Venezuela,Caracas,Free,PRD009,Final Fantasy XVI,Videojuego,Square Enix,PS5,279900,1,5,265905,5,"Excelente calidad, llegó en perfecto estado.",2024-03-23,2024-04-05,13,Completado,PayPal
ORD00471,USR039,SilverBullet,silverbullet@outlook.com,29,Argentina,Madrid,Free,ACC009,Headset Sony Pulse 3D,Accesorio,Sony,PS5,499900,2,0,999800,5,"¡Increíble, lo mejor que he comprado!",2024-12-05,2024-12-20,15,Completado,Tarjeta Crédito
ORD00170,USR015,NightOwl42,nightowl42@outlook.com,25,España,Caracas,Free,ACC016,Capturadora Elgato HD60 X,Accesorio,Elgato,Universal,799900,2,0,1599800,5,Superó todas mis expectativas. 100% recomendado.,2024-09-24,2024-09-27,3,Completado,PayPal
ORD00566,USR046,ZephyrX,zephyrx@gmail.com,44,Perú,Buenos Aires,Free,PRD017,Mario Kart 8 Deluxe,Videojuego,Nintendo,Nintendo Switch,229900,2,20,367840,4,"Muy buen producto, estoy satisfecho.",2024-12-23,2024-12-30,7,Completado,Nequi
ORD00042,USR004,CyberWolf,cyberwolf@gmail.com,34,Venezuela,Bogotá,Free,PRD015,Forza Horizon 5,Videojuego,Microsoft,Xbox Series X,199900,1,10,179910,5,Superó todas mis expectativas. 100% recomendado.,2024-12-13,2024-12-22,9,Completado,Tarjeta Débito
ORD00229,USR020,TitanFall88,titanfall88@hotmail.com,27,Chile,Ciudad de México,Elite,ACC024,Mouse Razer DeathAdder V3 Pro,Accesorio,Razer,PC,699900,3,0,2099700,5,"Absolutamente épico, vale cada peso.",2024-10-06,2024-10-07,1,Completado,Nequi
ORD00435,USR036,PlasmaFist,plasmafist@outlook.com,32,Perú,Quito,Free,PRD013,Street Fighter 6,Videojuego,Capcom,PS5,249900,2,10,449820,3,"Aceptable, tiene sus pros y contras.",2024-02-21,2024-03-04,12,Completado,Tarjeta Crédito
ORD00369,USR031,KryptoNite,kryptonite@gmail.com,44,Venezuela,Lima,Free,ACC023,Teclado Razer BlackWidow V4,Accesorio,Razer,PC,649900,1,0,649900,4,"Buen rendimiento, lo usaré por mucho tiempo.",2024-03-15,2024-03-20,5,Completado,Tarjeta Débito
ORD00444,USR036,PlasmaFist,plasmafist@outlook.com,32,Perú,Quito,Free,ACC001,Control DualSense PS5 Blanco,Accesorio,Sony,PS5,399900,2,0,799800,5,"Absolutamente épico, vale cada peso.",2024-04-15,2024-04-20,5,Completado,Efecty
ORD00161,USR014,FrostBane,frostbane@hotmail.com,19,Venezuela,Medellín,Premium,ACC025,Microfono Blue Yeti GX,Accesorio,Blue,PC,549900,3,0,1649700,5,"¡Increíble, lo mejor que he comprado!",2023-11-26,2023-12-06,10,Completado,Cripto
ORD00453,USR037,QuickScope,quickscope@gmail.com,37,México,Quito,Free,ACC024,Mouse Razer DeathAdder V3 Pro,Accesorio,Razer,PC,699900,2,0,1399800,4,"Casi perfecto, pequeños detalles pero en general bueno.",2024-08-22,2024-08-27,5,Completado,Tarjeta Crédito
ORD00100,USR009,ShadowByte,shadowbyte@outlook.com,38,Venezuela,Lima,Free,ACC007,Teclado Mecánico HyperX Alloy Origins,Accesorio,HyperX,PC,399900,2,0,799800,1,"Muy mala experiencia, no lo recomiendo.",2023-05-28,2023-06-04,7,Enviado,Cripto
ORD00028,USR003,PixelKnight,pixelknight@outlook.com,39,México,Quito,Free,PRD011,Resident Evil 4 Remake,Videojuego,Capcom,PS5,229900,3,0,689700,3,"Podría ser mejor, pero funciona.",2023-02-09,2023-02-23,14,Completado,PSE
ORD00440,USR036,PlasmaFist,plasmafist@outlook.com,32,Perú,Quito,Free,CON003,Xbox Series X 1TB,Consola,Microsoft,Xbox Series X,1999900,1,0,1999900,3,"Aceptable, tiene sus pros y contras.",2023-09-22,2023-10-04,12,Enviado,Tarjeta Crédito
ORD00488,USR041,UltraViolet,ultraviolet@hotmail.com,32,México,Ciudad de México,Elite,PRD003,Elden Ring,Videojuego,Bandai Namco,PC,199900,3,10,539730,4,"Cumple con lo prometido, buen producto.",2023-04-04,2023-04-17,13,Completado,Nequi
ORD00469,USR038,RogueAgent,rogueagent@hotmail.com,40,España,Medellín,Free,PRD007,Baldur's Gate 3,Videojuego,Larian Studios,PC,219900,3,0,659700,5,"Top tier, no hay nada mejor en el mercado.",2023-05-01,2023-05-06,5,Completado,Nequi
ORD00027,USR003,PixelKnight,pixelknight@outlook.com,39,México,Quito,Free,PRD002,God of War Ragnarök,Videojuego,Sony,PS5,279900,1,20,223920,5,Superó todas mis expectativas. 100% recomendado.,2023-12-07,2023-12-20,13,Procesando,Daviplata
ORD00015,USR002,NeonGhost,neonghost@hotmail.com,24,Chile,Buenos Aires,Free,ACC013,Silla Gamer Secretlab Titan EVO,Accesorio,Secretlab,Universal,2499900,1,0,2499900,4,"Buena relación calidad-precio, lo recomiendo.",2024-08-20,2024-08-30,10,Completado,PSE
ORD00061,USR005,StarForge,starforge@hotmail.com,18,Chile,Buenos Aires,Premium,CON007,Steam Deck 512GB OLED,Consola,Valve,PC,1799900,1,15,1529915,5,"Top tier, no hay nada mejor en el mercado.",2023-04-19,2023-04-26,7,Cancelado,PayPal
ORD00215,USR019,EchoStrike,echostrike@gmail.com,30,España,Cali,Free,ACC002,Control DualSense PS5 Negro,Accesorio,Sony,PS5,399900,2,0,799800,4,"Cumple con lo prometido, buen producto.",2023-07-28,2023-08-03,6,Completado,PSE
ORD00056,USR005,StarForge,starforge@hotmail.com,18,Chile,Buenos Aires,Premium,PRD016,Halo Infinite,Videojuego,343 Industries,Xbox Series X,149900,1,5,142405,4,"Cumple con lo prometido, buen producto.",2023-04-28,2023-05-08,10,Procesando,PSE
ORD00412,USR035,OmegaPrime,omegaprime@hotmail.com,28,Venezuela,Caracas,Premium,ACC008,Mouse Logitech G Pro X Superlight,Accesorio,Logitech,PC,549900,2,15,934830,3,Cumple su función pero nada del otro mundo.,2024-05-05,2024-05-18,13,Enviado,PayPal
ORD00495,USR041,UltraViolet,ultraviolet@hotmail.com,32,México,Ciudad de México,Elite,ACC023,Teclado Razer BlackWidow V4,Accesorio,Razer,PC,649900,2,5,1234810,4,"Muy buen producto, estoy satisfecho.",2024-08-26,2024-09-04,9,Completado,Tarjeta Crédito
ORD00530,USR044,XenoBlade,xenoblade@hotmail.com,45,Colombia,Caracas,Free,PRD013,Street Fighter 6,Videojuego,Capcom,PS5,249900,1,20,199920,3,"Ni muy bueno ni muy malo, promedio.",2024-08-03,2024-08-17,14,Completado,Cripto
ORD00417,USR035,OmegaPrime,omegaprime@hotmail.com,28,Venezuela,Caracas,Premium,ACC016,Capturadora Elgato HD60 X,Accesorio,Elgato,Universal,799900,2,10,1439820,4,"Casi perfecto, pequeños detalles pero en general bueno.",2023-04-09,2023-04-10,1,Completado,PayPal
ORD00382,USR032,LightningRod,lightningrod@hotmail.com,20,Ecuador,Medellín,Free,ACC011,Headset HyperX Cloud III,Accesorio,HyperX,PC,449900,3,0,1349700,2,Tiene fallas que no debería tener.,2024-11-09,2024-11-12,3,Completado,Efecty
ORD00354,USR029,IceCrawler,icecrawler@hotmail.com,24,Argentina,Buenos Aires,Elite,ACC023,Teclado Razer BlackWidow V4,Accesorio,Razer,PC,649900,1,10,584910,5,"¡Increíble, lo mejor que he comprado!",2024-11-24,2024-11-27,3,Completado,PayPal
ORD00538,USR044,XenoBlade,xenoblade@hotmail.com,45,Colombia,Caracas,Free,PRD002,God of War Ragnarök,Videojuego,Sony,PS5,279900,3,10,755730,5,Superó todas mis expectativas. 100% recomendado.,2024-08-18,2024-08-28,10,Completado,Tarjeta Crédito
ORD00476,USR039,SilverBullet,silverbullet@outlook.com,29,Argentina,Madrid,Free,CON003,Xbox Series X 1TB,Consola,Microsoft,Xbox Series X,1999900,1,0,1999900,5,"Excelente calidad, llegó en perfecto estado.",2024-09-28,2024-10-03,5,Enviado,PSE
ORD00133,USR011,BladeRunner7,bladerunner7@hotmail.com,18,Venezuela,Medellín,Free,ACC013,Silla Gamer Secretlab Titan EVO,Accesorio,Secretlab,Universal,2499900,3,10,6749730,4,"Buen rendimiento, lo usaré por mucho tiempo.",2024-12-30,2025-01-05,6,Completado,Daviplata
ORD00267,USR023,ChronoSniper,chronosniper@hotmail.com,28,Perú,Quito,Free,ACC008,Mouse Logitech G Pro X Superlight,Accesorio,Logitech,PC,549900,1,0,549900,5,Superó todas mis expectativas. 100% recomendado.,2023-02-27,2023-03-02,3,Completado,PSE
ORD00177,USR016,RedPhoenix,redphoenix@gmail.com,38,México,Bogotá,Elite,PRD004,Spider-Man 2,Videojuego,Sony,PS5,279900,2,0,559800,4,"Buena relación calidad-precio, lo recomiendo.",2023-08-30,2023-09-06,7,Devuelto,Tarjeta Crédito
ORD00076,USR006,LunaHunter,lunahunter@outlook.com,35,Colombia,Quito,Free,ACC023,Teclado Razer BlackWidow V4,Accesorio,Razer,PC,649900,3,5,1852215,4,"Cumple con lo prometido, buen producto.",2024-03-29,2024-04-03,5,Enviado,Tarjeta Crédito
ORD00301,USR025,EpicLancer,epiclancer@gmail.com,42,Colombia,Lima,Premium,CON004,Xbox Series S 512GB,Consola,Microsoft,Xbox Series S,1299900,1,20,1039920,3,"Aceptable, tiene sus pros y contras.",2023-01-06,2023-01-11,5,Completado,Tarjeta Débito
ORD00346,USR028,HexBlade,hexblade@gmail.com,31,Venezuela,Madrid,Free,PRD014,Mortal Kombat 1,Videojuego,NetherRealm,Xbox Series X,249900,2,0,499800,5,"Excelente calidad, llegó en perfecto estado.",2024-05-21,2024-05-26,5,Completado,PayPal
ORD00432,USR036,PlasmaFist,plasmafist@outlook.com,32,Perú,Quito,Free,CON006,Nintendo Switch Lite,Consola,Nintendo,Nintendo Switch Lite,999900,1,15,849915,5,"Top tier, no hay nada mejor en el mercado.",2023-12-06,2023-12-18,12,Completado,Daviplata
ORD00008,USR001,DarkSlayer99,darkslayer99@gmail.com,36,México,Bogotá,Elite,ACC001,Control DualSense PS5 Blanco,Accesorio,Sony,PS5,399900,1,5,379905,4,"Buen rendimiento, lo usaré por mucho tiempo.",2023-09-13,2023-09-27,14,Procesando,Tarjeta Débito
ORD00539,USR044,XenoBlade,xenoblade@hotmail.com,45,Colombia,Caracas,Free,ACC009,Headset Sony Pulse 3D,Accesorio,Sony,PS5,499900,2,0,999800,4,"Cumple con lo prometido, buen producto.",2024-07-06,2024-07-14,8,Completado,Efecty
ORD00500,USR041,UltraViolet,ultraviolet@hotmail.com,32,México,Ciudad de México,Elite,ACC019,Cargador DualSense Sony Station,Accesorio,Sony,PS5,199900,3,10,539730,5,"Excelente calidad, llegó en perfecto estado.",2024-10-09,2024-10-13,4,Completado,PSE
ORD00577,USR047,AscendedOne,ascendedone@hotmail.com,23,México,Medellín,Elite,ACC006,Control Pro Nintendo Switch,Accesorio,Nintendo,Nintendo Switch,449900,2,0,899800,4,"Buen rendimiento, lo usaré por mucho tiempo.",2023-04-30,2023-05-13,13,Completado,Daviplata
ORD00456,USR037,QuickScope,quickscope@gmail.com,37,México,Quito,Free,CON002,PlayStation 5 Slim Disc,Consola,Sony,PS5,2199900,1,5,2089905,4,"Buena relación calidad-precio, lo recomiendo.",2024-08-06,2024-08-21,15,Enviado,PSE
ORD00497,USR041,UltraViolet,ultraviolet@hotmail.com,32,México,Ciudad de México,Elite,ACC020,Memory Card PS5 1TB Seagate,Accesorio,Seagate,PS5,499900,1,0,499900,3,"Ni muy bueno ni muy malo, promedio.",2024-11-04,2024-11-14,10,Completado,Efecty
ORD00046,USR004,CyberWolf,cyberwolf@gmail.com,34,Venezuela,Bogotá,Free,PRD018,Pokémon Scarlet,Videojuego,Game Freak,Nintendo Switch,249900,2,0,499800,2,Decepcionante para el precio pagado.,2023-10-20,2023-10-24,4,Completado,Tarjeta Débito
ORD00045,USR004,CyberWolf,cyberwolf@gmail.com,34,Venezuela,Bogotá,Free,ACC002,Control DualSense PS5 Negro,Accesorio,Sony,PS5,399900,2,10,719820,5,"Top tier, no hay nada mejor en el mercado.",2024-10-14,2024-10-19,5,Completado,Nequi
ORD00519,USR042,VenomStrike,venomstrike@outlook.com,32,Chile,Cali,Free,ACC006,Control Pro Nintendo Switch,Accesorio,Nintendo,Nintendo Switch,449900,1,0,449900,5,"¡Increíble, lo mejor que he comprado!",2023-06-21,2023-07-04,13,Completado,Nequi
ORD00366,USR030,JadeWarden,jadewarden@outlook.com,33,Perú,Caracas,Premium,ACC018,Cable HDMI 2.1 8K Belkin,Accesorio,Belkin,Universal,99900,2,5,189810,5,"¡Increíble, lo mejor que he comprado!",2023-09-02,2023-09-03,1,Completado,Cripto
ORD00200,USR018,ZenithGamer,zenithgamer@outlook.com,43,México,Santiago,Free,PRD008,Starfield,Videojuego,Bethesda,Xbox Series X,249900,1,10,224910,5,"¡Increíble, lo mejor que he comprado!",2024-05-26,2024-06-04,9,Completado,Daviplata
ORD00203,USR018,ZenithGamer,zenithgamer@outlook.com,43,México,Santiago,Free,ACC019,Cargador DualSense Sony Station,Accesorio,Sony,PS5,199900,1,0,199900,4,"Buena relación calidad-precio, lo recomiendo.",2023-10-25,2023-11-09,15,Completado,PSE
ORD00043,USR004,CyberWolf,cyberwolf@gmail.com,34,Venezuela,Bogotá,Free,ACC003,Control DualSense Edge,Accesorio,Sony,PS5,749900,1,10,674910,5,"Excelente calidad, llegó en perfecto estado.",2024-11-14,2024-11-23,9,Devuelto,Cripto
ORD00342,USR028,HexBlade,hexblade@gmail.com,31,Venezuela,Madrid,Free,PRD010,Diablo IV,Videojuego,Blizzard,PC,199900,3,5,569715,4,"Casi perfecto, pequeños detalles pero en general bueno.",2023-09-11,2023-09-24,13,Enviado,PayPal
ORD00217,USR020,TitanFall88,titanfall88@hotmail.com,27,Chile,Ciudad de México,Elite,PRD016,Halo Infinite,Videojuego,343 Industries,Xbox Series X,149900,1,5,142405,2,"Le falta calidad, esperaba más.",2023-10-25,2023-11-01,7,Enviado,PayPal
ORD00442,USR036,PlasmaFist,plasmafist@outlook.com,32,Perú,Quito,Free,ACC017,Soporte para auriculares Razer Base Station V2,Accesorio,Razer,PC,249900,1,20,199920,4,"Muy buen producto, estoy satisfecho.",2024-02-24,2024-03-04,9,Completado,Cripto
ORD00149,USR012,QuantumAce,quantumace@outlook.com,43,España,Caracas,Free,PRD019,Dead Space Remake,Videojuego,EA,PS5,229900,2,0,459800,3,"Podría ser mejor, pero funciona.",2024-05-24,2024-06-05,12,Completado,Nequi
ORD00345,USR028,HexBlade,hexblade@gmail.com,31,Venezuela,Madrid,Free,ACC023,Teclado Razer BlackWidow V4,Accesorio,Razer,PC,649900,3,0,1949700,2,No cumplió mis expectativas.,2024-04-14,2024-04-25,11,Completado,Efecty
ORD00348,USR028,HexBlade,hexblade@gmail.com,31,Venezuela,Madrid,Free,PRD008,Starfield,Videojuego,Bethesda,Xbox Series X,249900,1,15,212415,4,"Buena relación calidad-precio, lo recomiendo.",2023-01-01,2023-01-08,7,Completado,Daviplata
ORD00072,USR006,LunaHunter,lunahunter@outlook.com,35,Colombia,Quito,Free,PRD004,Spider-Man 2,Videojuego,Sony,PS5,279900,3,5,797715,4,"Muy buen producto, estoy satisfecho.",2023-05-10,2023-05-21,11,Enviado,Tarjeta Crédito
ORD00059,USR005,StarForge,starforge@hotmail.com,18,Chile,Buenos Aires,Premium,PRD007,Baldur's Gate 3,Videojuego,Larian Studios,PC,219900,3,20,527760,5,"Absolutamente épico, vale cada peso.",2024-12-01,2024-12-11,10,Completado,Tarjeta Crédito
ORD00503,USR041,UltraViolet,ultraviolet@hotmail.com,32,México,Ciudad de México,Elite,ACC001,Control DualSense PS5 Blanco,Accesorio,Sony,PS5,399900,1,15,339915,4,"Muy buen producto, estoy satisfecho.",2023-01-26,2023-02-02,7,Completado,Nequi
ORD00389,USR032,LightningRod,lightningrod@hotmail.com,20,Ecuador,Medellín,Free,PRD013,Street Fighter 6,Videojuego,Capcom,PS5,249900,2,10,449820,4,"Cumple con lo prometido, buen producto.",2024-10-07,2024-10-18,11,Completado,Tarjeta Débito
ORD00448,USR037,QuickScope,quickscope@gmail.com,37,México,Quito,Free,ACC025,Microfono Blue Yeti GX,Accesorio,Blue,PC,549900,3,0,1649700,4,"Casi perfecto, pequeños detalles pero en general bueno.",2023-11-24,2023-12-05,11,Completado,Daviplata
ORD00422,USR035,OmegaPrime,omegaprime@hotmail.com,28,Venezuela,Caracas,Premium,PRD017,Mario Kart 8 Deluxe,Videojuego,Nintendo,Nintendo Switch,229900,1,15,195415,5,"¡Increíble, lo mejor que he comprado!",2024-07-31,2024-08-01,1,Completado,Tarjeta Débito
ORD00192,USR018,ZenithGamer,zenithgamer@outlook.com,43,México,Santiago,Free,ACC005,Control Xbox Series Rojo,Accesorio,Microsoft,Xbox Series X,349900,3,15,892245,4,"Casi perfecto, pequeños detalles pero en general bueno.",2024-06-15,2024-06-20,5,Completado,Tarjeta Débito
ORD00077,USR006,LunaHunter,lunahunter@outlook.com,35,Colombia,Quito,Free,ACC013,Silla Gamer Secretlab Titan EVO,Accesorio,Secretlab,Universal,2499900,3,15,6374745,2,No cumplió mis expectativas.,2023-08-01,2023-08-12,11,Completado,PayPal
ORD00171,USR015,NightOwl42,nightowl42@outlook.com,25,España,Caracas,Free,ACC018,Cable HDMI 2.1 8K Belkin,Accesorio,Belkin,Universal,99900,3,5,284715,5,"Excelente calidad, llegó en perfecto estado.",2023-06-19,2023-07-01,12,Completado,Nequi
ORD00265,USR023,ChronoSniper,chronosniper@hotmail.com,28,Perú,Quito,Free,ACC025,Microfono Blue Yeti GX,Accesorio,Blue,PC,549900,3,0,1649700,4,"Buen rendimiento, lo usaré por mucho tiempo.",2023-01-17,2023-01-21,4,Completado,Tarjeta Crédito
ORD00220,USR020,TitanFall88,titanfall88@hotmail.com,27,Chile,Ciudad de México,Elite,PRD004,Spider-Man 2,Videojuego,Sony,PS5,279900,1,15,237915,4,"Casi perfecto, pequeños detalles pero en general bueno.",2024-09-03,2024-09-18,15,Enviado,Daviplata
ORD00091,USR008,IronPulse,ironpulse@hotmail.com,34,Perú,Bogotá,Free,ACC014,Mousepad XL Razer Goliathus Extended,Accesorio,Razer,PC,149900,3,0,449700,5,"Absolutamente épico, vale cada peso.",2024-12-27,2024-12-30,3,Completado,Efecty
ORD00294,USR024,DeltaForce1,deltaforce1@outlook.com,37,España,Bogotá,Free,PRD012,Alan Wake 2,Videojuego,Remedy,PC,179900,2,20,287840,1,"Terrible producto, perdí mi dinero.",2023-08-01,2023-08-11,10,Completado,Tarjeta Débito
ORD00180,USR016,RedPhoenix,redphoenix@gmail.com,38,México,Bogotá,Elite,PRD017,Mario Kart 8 Deluxe,Videojuego,Nintendo,Nintendo Switch,229900,1,5,218405,5,"¡Increíble, lo mejor que he comprado!",2024-07-15,2024-07-27,12,Completado,Daviplata
ORD00433,USR036,PlasmaFist,plasmafist@outlook.com,32,Perú,Quito,Free,CON004,Xbox Series S 512GB,Consola,Microsoft,Xbox Series S,1299900,1,5,1234905,1,"Muy mala experiencia, no lo recomiendo.",2023-11-07,2023-11-12,5,Completado,Nequi
ORD00261,USR022,BionicFox,bionicfox@gmail.com,21,Chile,Cali,Premium,CON005,Nintendo Switch OLED,Consola,Nintendo,Nintendo Switch,1599900,1,15,1359915,4,"Buen rendimiento, lo usaré por mucho tiempo.",2024-01-22,2024-01-29,7,Completado,PayPal
ORD00541,USR044,XenoBlade,xenoblade@hotmail.com,45,Colombia,Caracas,Free,CON004,Xbox Series S 512GB,Consola,Microsoft,Xbox Series S,1299900,1,20,1039920,4,"Buen rendimiento, lo usaré por mucho tiempo.",2024-11-09,2024-11-13,4,Enviado,PayPal
ORD00157,USR013,StormCaster,stormcaster@gmail.com,41,Colombia,Madrid,Premium,ACC022,Auriculares Turtle Beach Stealth 700 Gen2,Accesorio,Turtle Beach,Xbox Series X,549900,3,10,1484730,5,"Absolutamente épico, vale cada peso.",2024-04-04,2024-04-15,11,Procesando,PSE
ORD00003,USR001,DarkSlayer99,darkslayer99@gmail.com,36,México,Bogotá,Elite,PRD005,Hogwarts Legacy,Videojuego,WB Games,Xbox Series X,249900,3,20,599760,5,"Excelente calidad, llegó en perfecto estado.",2023-08-23,2023-08-25,2,Enviado,Tarjeta Débito
ORD00281,USR024,DeltaForce1,deltaforce1@outlook.com,37,España,Bogotá,Free,PRD019,Dead Space Remake,Videojuego,EA,PS5,229900,1,0,229900,3,"Podría ser mejor, pero funciona.",2023-08-24,2023-08-31,7,Completado,PSE
ORD00349,USR028,HexBlade,hexblade@gmail.com,31,Venezuela,Madrid,Free,PRD011,Resident Evil 4 Remake,Videojuego,Capcom,PS5,229900,2,15,390830,2,"Le falta calidad, esperaba más.",2024-01-05,2024-01-10,5,Completado,Tarjeta Crédito
ORD00047,USR004,CyberWolf,cyberwolf@gmail.com,34,Venezuela,Bogotá,Free,PRD009,Final Fantasy XVI,Videojuego,Square Enix,PS5,279900,1,0,279900,3,"Podría ser mejor, pero funciona.",2024-12-11,2024-12-14,3,Completado,Efecty
ORD00358,USR030,JadeWarden,jadewarden@outlook.com,33,Perú,Caracas,Premium,ACC023,Teclado Razer BlackWidow V4,Accesorio,Razer,PC,649900,3,10,1754730,1,"Pésima calidad, no sirve.",2024-11-05,2024-11-20,15,Completado,Nequi
ORD00258,USR022,BionicFox,bionicfox@gmail.com,21,Chile,Cali,Premium,ACC009,Headset Sony Pulse 3D,Accesorio,Sony,PS5,499900,2,0,999800,5,"¡Increíble, lo mejor que he comprado!",2023-11-12,2023-11-24,12,Completado,Nequi
ORD00606,USR050,DoomStalker,doomstalker@hotmail.com,24,Venezuela,Buenos Aires,Premium,PRD016,Halo Infinite,Videojuego,343 Industries,Xbox Series X,149900,3,20,359760,4,"Buena relación calidad-precio, lo recomiendo.",2024-10-03,2024-10-06,3,Completado,Tarjeta Crédito
ORD00437,USR036,PlasmaFist,plasmafist@outlook.com,32,Perú,Quito,Free,PRD012,Alan Wake 2,Videojuego,Remedy,PC,179900,1,0,179900,5,"Top tier, no hay nada mejor en el mercado.",2023-07-25,2023-08-08,14,Completado,Tarjeta Crédito
ORD00208,USR019,EchoStrike,echostrike@gmail.com,30,España,Cali,Free,ACC023,Teclado Razer BlackWidow V4,Accesorio,Razer,PC,649900,1,0,649900,4,"Cumple con lo prometido, buen producto.",2023-02-26,2023-03-12,14,Completado,PayPal
ORD00378,USR032,LightningRod,lightningrod@hotmail.com,20,Ecuador,Medellín,Free,PRD002,God of War Ragnarök,Videojuego,Sony,PS5,279900,1,0,279900,4,"Cumple con lo prometido, buen producto.",2024-10-13,2024-10-27,14,Completado,Tarjeta Crédito
ORD00392,USR033,MegaByteX,megabytex@outlook.com,43,México,Cali,Elite,CON005,Nintendo Switch OLED,Consola,Nintendo,Nintendo Switch,1599900,1,0,1599900,5,"Excelente calidad, llegó en perfecto estado.",2023-06-26,2023-07-02,6,Completado,Daviplata
ORD00304,USR025,EpicLancer,epiclancer@gmail.com,42,Colombia,Lima,Premium,PRD019,Dead Space Remake,Videojuego,EA,PS5,229900,2,0,459800,4,"Buen rendimiento, lo usaré por mucho tiempo.",2023-03-28,2023-04-09,12,Enviado,PayPal
ORD00002,USR001,DarkSlayer99,darkslayer99@gmail.com,36,México,Bogotá,Elite,PRD016,Halo Infinite,Videojuego,343 Industries,Xbox Series X,149900,1,10,134910,2,"Le falta calidad, esperaba más.",2023-01-22,2023-02-01,10,Completado,Tarjeta Crédito
ORD00571,USR046,ZephyrX,zephyrx@gmail.com,44,Perú,Buenos Aires,Free,ACC002,Control DualSense PS5 Negro,Accesorio,Sony,PS5,399900,1,0,399900,3,Cumple su función pero nada del otro mundo.,2024-11-03,2024-11-18,15,Completado,Tarjeta Crédito
ORD00247,USR022,BionicFox,bionicfox@gmail.com,21,Chile,Cali,Premium,ACC019,Cargador DualSense Sony Station,Accesorio,Sony,PS5,199900,1,15,169915,1,"Llegó con daños, pésimo empaque.",2023-12-12,2023-12-25,13,Completado,PayPal
ORD00415,USR035,OmegaPrime,omegaprime@hotmail.com,28,Venezuela,Caracas,Premium,ACC012,"Monitor LG UltraGear 27"" 165Hz",Accesorio,LG,PC,1299900,3,15,3314745,5,Superó todas mis expectativas. 100% recomendado.,2024-12-22,2024-12-23,1,Completado,Efecty
ORD00520,USR042,VenomStrike,venomstrike@outlook.com,32,Chile,Cali,Free,ACC016,Capturadora Elgato HD60 X,Accesorio,Elgato,Universal,799900,3,0,2399700,5,"Absolutamente épico, vale cada peso.",2024-12-02,2024-12-09,7,Enviado,Efecty
ORD00302,USR025,EpicLancer,epiclancer@gmail.com,42,Colombia,Lima,Premium,PRD009,Final Fantasy XVI,Videojuego,Square Enix,PS5,279900,1,5,265905,3,"Regular, esperaba algo mejor.",2024-04-04,2024-04-13,9,Completado,Tarjeta Crédito
ORD00164,USR014,FrostBane,frostbane@hotmail.com,19,Venezuela,Medellín,Premium,ACC023,Teclado Razer BlackWidow V4,Accesorio,Razer,PC,649900,2,0,1299800,5,"¡Increíble, lo mejor que he comprado!",2023-02-23,2023-03-08,13,Completado,PSE
ORD00073,USR006,LunaHunter,lunahunter@outlook.com,35,Colombia,Quito,Free,ACC010,Headset SteelSeries Arctis Nova Pro,Accesorio,SteelSeries,PC,899900,2,0,1799800,4,"Cumple con lo prometido, buen producto.",2024-03-27,2024-04-02,6,Completado,Cripto
ORD00529,USR044,XenoBlade,xenoblade@hotmail.com,45,Colombia,Caracas,Free,PRD014,Mortal Kombat 1,Videojuego,NetherRealm,Xbox Series X,249900,2,0,499800,5,"Absolutamente épico, vale cada peso.",2024-06-08,2024-06-11,3,Completado,Daviplata
ORD00241,USR021,AlphaWave,alphawave@outlook.com,45,México,Caracas,Elite,PRD004,Spider-Man 2,Videojuego,Sony,PS5,279900,1,0,279900,4,"Muy buen producto, estoy satisfecho.",2024-04-28,2024-04-30,2,Completado,PayPal
ORD00066,USR005,StarForge,starforge@hotmail.com,18,Chile,Buenos Aires,Premium,ACC007,Teclado Mecánico HyperX Alloy Origins,Accesorio,HyperX,PC,399900,1,0,399900,2,No lo recomendaría al precio que está.,2024-02-21,2024-02-29,8,Completado,Cripto
ORD00611,USR050,DoomStalker,doomstalker@hotmail.com,24,Venezuela,Buenos Aires,Premium,CON003,Xbox Series X 1TB,Consola,Microsoft,Xbox Series X,1999900,1,5,1899905,4,"Casi perfecto, pequeños detalles pero en general bueno.",2024-07-01,2024-07-02,1,Completado,Daviplata
ORD00209,USR019,EchoStrike,echostrike@gmail.com,30,España,Cali,Free,PRD011,Resident Evil 4 Remake,Videojuego,Capcom,PS5,229900,2,10,413820,5,"Excelente calidad, llegó en perfecto estado.",2023-08-19,2023-08-25,6,Procesando,Tarjeta Débito
ORD00551,USR045,YmirsCall,ymirscall@outlook.com,31,Colombia,Medellín,Free,PRD014,Mortal Kombat 1,Videojuego,NetherRealm,Xbox Series X,249900,3,0,749700,3,"Ni muy bueno ni muy malo, promedio.",2024-02-25,2024-02-26,1,Completado,PayPal
ORD00005,USR001,DarkSlayer99,darkslayer99@gmail.com,36,México,Bogotá,Elite,PRD016,Halo Infinite,Videojuego,343 Industries,Xbox Series X,149900,2,5,284810,5,"Excelente calidad, llegó en perfecto estado.",2023-07-14,2023-07-16,2,Completado,Efecty
ORD00365,USR030,JadeWarden,jadewarden@outlook.com,33,Perú,Caracas,Premium,ACC025,Microfono Blue Yeti GX,Accesorio,Blue,PC,549900,1,20,439920,4,"Muy buen producto, estoy satisfecho.",2024-02-05,2024-02-15,10,Completado,Daviplata
ORD00207,USR019,EchoStrike,echostrike@gmail.com,30,España,Cali,Free,ACC003,Control DualSense Edge,Accesorio,Sony,PS5,749900,3,10,2024730,4,"Buen rendimiento, lo usaré por mucho tiempo.",2023-05-12,2023-05-27,15,Enviado,PayPal
ORD00408,USR034,NexusRaider,nexusraider@gmail.com,21,Venezuela,Caracas,Free,ACC023,Teclado Razer BlackWidow V4,Accesorio,Razer,PC,649900,3,10,1754730,2,"Le falta calidad, esperaba más.",2024-09-08,2024-09-14,6,Procesando,Tarjeta Débito
ORD00134,USR011,BladeRunner7,bladerunner7@hotmail.com,18,Venezuela,Medellín,Free,ACC003,Control DualSense Edge,Accesorio,Sony,PS5,749900,3,20,1799760,5,"Absolutamente épico, vale cada peso.",2023-04-12,2023-04-25,13,Completado,Nequi
ORD00607,USR050,DoomStalker,doomstalker@hotmail.com,24,Venezuela,Buenos Aires,Premium,PRD003,Elden Ring,Videojuego,Bandai Namco,PC,199900,3,20,479760,4,"Buen rendimiento, lo usaré por mucho tiempo.",2023-11-30,2023-12-14,14,Completado,Daviplata
ORD00053,USR005,StarForge,starforge@hotmail.com,18,Chile,Buenos Aires,Premium,ACC003,Control DualSense Edge,Accesorio,Sony,PS5,749900,2,20,1199840,4,"Casi perfecto, pequeños detalles pero en general bueno.",2024-01-24,2024-01-29,5,Completado,Daviplata
ORD00344,USR028,HexBlade,hexblade@gmail.com,31,Venezuela,Madrid,Free,ACC006,Control Pro Nintendo Switch,Accesorio,Nintendo,Nintendo Switch,449900,3,0,1349700,4,"Buen rendimiento, lo usaré por mucho tiempo.",2024-01-13,2024-01-21,8,Procesando,Tarjeta Crédito
ORD00138,USR012,QuantumAce,quantumace@outlook.com,43,España,Caracas,Free,ACC016,Capturadora Elgato HD60 X,Accesorio,Elgato,Universal,799900,1,15,679915,4,"Muy buen producto, estoy satisfecho.",2024-11-12,2024-11-25,13,Completado,Daviplata
ORD00411,USR035,OmegaPrime,omegaprime@hotmail.com,28,Venezuela,Caracas,Premium,PRD004,Spider-Man 2,Videojuego,Sony,PS5,279900,2,5,531810,4,"Casi perfecto, pequeños detalles pero en general bueno.",2024-03-05,2024-03-08,3,Enviado,PSE
ORD00085,USR007,VoidBreaker,voidbreaker@gmail.com,38,Venezuela,Buenos Aires,Premium,ACC022,Auriculares Turtle Beach Stealth 700 Gen2,Accesorio,Turtle Beach,Xbox Series X,549900,1,0,549900,4,"Buen rendimiento, lo usaré por mucho tiempo.",2024-10-29,2024-11-06,8,Procesando,Efecty
ORD00562,USR046,ZephyrX,zephyrx@gmail.com,44,Perú,Buenos Aires,Free,PRD013,Street Fighter 6,Videojuego,Capcom,PS5,249900,1,10,224910,5,"¡Increíble, lo mejor que he comprado!",2023-01-08,2023-01-18,10,Completado,Efecty
ORD00121,USR011,BladeRunner7,bladerunner7@hotmail.com,18,Venezuela,Medellín,Free,ACC003,Control DualSense Edge,Accesorio,Sony,PS5,749900,2,15,1274830,5,Superó todas mis expectativas. 100% recomendado.,2024-12-14,2024-12-23,9,Completado,Efecty
ORD00533,USR044,XenoBlade,xenoblade@hotmail.com,45,Colombia,Caracas,Free,PRD013,Street Fighter 6,Videojuego,Capcom,PS5,249900,2,15,424830,4,"Buen rendimiento, lo usaré por mucho tiempo.",2023-12-03,2023-12-13,10,Completado,PayPal
ORD00174,USR016,RedPhoenix,redphoenix@gmail.com,38,México,Bogotá,Elite,PRD013,Street Fighter 6,Videojuego,Capcom,PS5,249900,3,20,599760,3,"Aceptable, tiene sus pros y contras.",2023-09-14,2023-09-15,1,Completado,Tarjeta Débito
ORD00169,USR015,NightOwl42,nightowl42@outlook.com,25,España,Caracas,Free,ACC023,Teclado Razer BlackWidow V4,Accesorio,Razer,PC,649900,2,20,1039840,3,"Regular, esperaba algo mejor.",2023-05-21,2023-05-24,3,Completado,Tarjeta Crédito
ORD00088,USR007,VoidBreaker,voidbreaker@gmail.com,38,Venezuela,Buenos Aires,Premium,ACC003,Control DualSense Edge,Accesorio,Sony,PS5,749900,1,5,712405,4,"Buen rendimiento, lo usaré por mucho tiempo.",2023-11-28,2023-11-30,2,Cancelado,Tarjeta Crédito
ORD00300,USR025,EpicLancer,epiclancer@gmail.com,42,Colombia,Lima,Premium,PRD006,Cyberpunk 2077: Phantom Liberty,Videojuego,CD Projekt Red,PC,149900,2,15,254830,3,"Podría ser mejor, pero funciona.",2024-12-29,2025-01-11,13,Completado,PSE
ORD00567,USR046,ZephyrX,zephyrx@gmail.com,44,Perú,Buenos Aires,Free,ACC002,Control DualSense PS5 Negro,Accesorio,Sony,PS5,399900,3,20,959760,5,"Excelente calidad, llegó en perfecto estado.",2023-04-13,2023-04-17,4,Completado,Tarjeta Crédito
ORD00563,USR046,ZephyrX,zephyrx@gmail.com,44,Perú,Buenos Aires,Free,ACC015,Webcam Elgato Facecam,Accesorio,Elgato,PC,699900,1,0,699900,5,"Top tier, no hay nada mejor en el mercado.",2023-11-20,2023-11-27,7,Completado,Daviplata
ORD00521,USR042,VenomStrike,venomstrike@outlook.com,32,Chile,Cali,Free,ACC015,Webcam Elgato Facecam,Accesorio,Elgato,PC,699900,1,0,699900,5,"¡Increíble, lo mejor que he comprado!",2023-06-07,2023-06-08,1,Completado,Tarjeta Débito
ORD00424,USR035,OmegaPrime,omegaprime@hotmail.com,28,Venezuela,Caracas,Premium,ACC007,Teclado Mecánico HyperX Alloy Origins,Accesorio,HyperX,PC,399900,2,10,719820,5,Superó todas mis expectativas. 100% recomendado.,2024-12-04,2024-12-18,14,Procesando,Cripto
ORD00564,USR046,ZephyrX,zephyrx@gmail.com,44,Perú,Buenos Aires,Free,PRD017,Mario Kart 8 Deluxe,Videojuego,Nintendo,Nintendo Switch,229900,3,15,586245,4,"Casi perfecto, pequeños detalles pero en general bueno.",2024-01-10,2024-01-20,10,Completado,Nequi
ORD00216,USR020,TitanFall88,titanfall88@hotmail.com,27,Chile,Ciudad de México,Elite,PRD009,Final Fantasy XVI,Videojuego,Square Enix,PS5,279900,2,0,559800,4,"Cumple con lo prometido, buen producto.",2023-04-19,2023-04-25,6,Completado,Cripto
ORD00243,USR021,AlphaWave,alphawave@outlook.com,45,México,Caracas,Elite,PRD019,Dead Space Remake,Videojuego,EA,PS5,229900,3,10,620730,2,No cumplió mis expectativas.,2023-04-02,2023-04-13,11,Completado,PayPal
ORD00470,USR038,RogueAgent,rogueagent@hotmail.com,40,España,Medellín,Free,ACC012,"Monitor LG UltraGear 27"" 165Hz",Accesorio,LG,PC,1299900,1,5,1234905,5,"Excelente calidad, llegó en perfecto estado.",2024-06-19,2024-06-23,4,Completado,PayPal
ORD00359,USR030,JadeWarden,jadewarden@outlook.com,33,Perú,Caracas,Premium,ACC021,Funda Nintendo Switch Hori,Accesorio,Hori,Nintendo Switch,89900,2,0,179800,4,"Casi perfecto, pequeños detalles pero en general bueno.",2023-02-25,2023-03-10,13,Enviado,Efecty
ORD00060,USR005,StarForge,starforge@hotmail.com,18,Chile,Buenos Aires,Premium,CON003,Xbox Series X 1TB,Consola,Microsoft,Xbox Series X,1999900,1,15,1699915,4,"Cumple con lo prometido, buen producto.",2024-11-08,2024-11-14,6,Completado,Tarjeta Crédito
ORD00295,USR025,EpicLancer,epiclancer@gmail.com,42,Colombia,Lima,Premium,PRD011,Resident Evil 4 Remake,Videojuego,Capcom,PS5,229900,3,0,689700,3,"Podría ser mejor, pero funciona.",2024-02-03,2024-02-14,11,Enviado,PayPal
ORD00113,USR010,ArcaneRift,arcanerift@gmail.com,20,Chile,Lima,Free,ACC014,Mousepad XL Razer Goliathus Extended,Accesorio,Razer,PC,149900,3,15,382245,2,"Le falta calidad, esperaba más.",2024-03-27,2024-03-28,1,Completado,Tarjeta Débito
ORD00377,USR032,LightningRod,lightningrod@hotmail.com,20,Ecuador,Medellín,Free,ACC023,Teclado Razer BlackWidow V4,Accesorio,Razer,PC,649900,1,0,649900,5,"¡Increíble, lo mejor que he comprado!",2024-07-13,2024-07-26,13,Completado,Efecty
ORD00160,USR014,FrostBane,frostbane@hotmail.com,19,Venezuela,Medellín,Premium,ACC015,Webcam Elgato Facecam,Accesorio,Elgato,PC,699900,1,10,629910,5,"¡Increíble, lo mejor que he comprado!",2024-06-03,2024-06-10,7,Completado,Cripto
ORD00298,USR025,EpicLancer,epiclancer@gmail.com,42,Colombia,Lima,Premium,ACC014,Mousepad XL Razer Goliathus Extended,Accesorio,Razer,PC,149900,2,10,269820,5,"Top tier, no hay nada mejor en el mercado.",2024-04-06,2024-04-14,8,Completado,Efecty
ORD00356,USR030,JadeWarden,jadewarden@outlook.com,33,Perú,Caracas,Premium,PRD006,Cyberpunk 2077: Phantom Liberty,Videojuego,CD Projekt Red,PC,149900,1,0,149900,3,"Podría ser mejor, pero funciona.",2023-05-07,2023-05-17,10,Completado,PSE
ORD00343,USR028,HexBlade,hexblade@gmail.com,31,Venezuela,Madrid,Free,ACC010,Headset SteelSeries Arctis Nova Pro,Accesorio,SteelSeries,PC,899900,3,15,2294745,4,"Muy buen producto, estoy satisfecho.",2024-02-29,2024-03-07,7,Completado,Efecty
ORD00522,USR042,VenomStrike,venomstrike@outlook.com,32,Chile,Cali,Free,PRD005,Hogwarts Legacy,Videojuego,WB Games,Xbox Series X,249900,1,20,199920,3,Cumple su función pero nada del otro mundo.,2023-09-15,2023-09-24,9,Completado,Daviplata
ORD00555,USR045,YmirsCall,ymirscall@outlook.com,31,Colombia,Medellín,Free,ACC013,Silla Gamer Secretlab Titan EVO,Accesorio,Secretlab,Universal,2499900,3,5,7124715,4,"Buen rendimiento, lo usaré por mucho tiempo.",2023-06-21,2023-07-03,12,Completado,Tarjeta Débito
ORD00383,USR032,LightningRod,lightningrod@hotmail.com,20,Ecuador,Medellín,Free,ACC018,Cable HDMI 2.1 8K Belkin,Accesorio,Belkin,Universal,99900,3,0,299700,4,"Buena relación calidad-precio, lo recomiendo.",2024-04-08,2024-04-13,5,Completado,Tarjeta Débito
ORD00168,USR015,NightOwl42,nightowl42@outlook.com,25,España,Caracas,Free,ACC015,Webcam Elgato Facecam,Accesorio,Elgato,PC,699900,3,0,2099700,4,"Buena relación calidad-precio, lo recomiendo.",2024-01-06,2024-01-07,1,Completado,PSE
ORD00477,USR040,TurboGhost,turboghost@gmail.com,39,Perú,Quito,Free,PRD008,Starfield,Videojuego,Bethesda,Xbox Series X,249900,2,15,424830,4,"Casi perfecto, pequeños detalles pero en general bueno.",2024-04-12,2024-04-17,5,Enviado,Efecty
ORD00367,USR031,KryptoNite,kryptonite@gmail.com,44,Venezuela,Lima,Free,PRD020,Call of Duty: Modern Warfare III,Videojuego,Activision,PC,249900,3,0,749700,5,"¡Increíble, lo mejor que he comprado!",2023-06-29,2023-07-01,2,Completado,PayPal
ORD00190,USR017,CodeWarrior,codewarrior@hotmail.com,23,Perú,Medellín,Free,PRD017,Mario Kart 8 Deluxe,Videojuego,Nintendo,Nintendo Switch,229900,1,20,183920,5,"¡Increíble, lo mejor que he comprado!",2023-07-15,2023-07-20,5,Completado,PSE
ORD00462,USR038,RogueAgent,rogueagent@hotmail.com,40,España,Medellín,Free,ACC006,Control Pro Nintendo Switch,Accesorio,Nintendo,Nintendo Switch,449900,3,0,1349700,4,"Casi perfecto, pequeños detalles pero en general bueno.",2023-03-08,2023-03-22,14,Completado,PSE
ORD00090,USR008,IronPulse,ironpulse@hotmail.com,34,Perú,Bogotá,Free,PRD014,Mortal Kombat 1,Videojuego,NetherRealm,Xbox Series X,249900,2,5,474810,4,"Muy buen producto, estoy satisfecho.",2023-10-22,2023-10-30,8,Enviado,Tarjeta Crédito
ORD00514,USR042,VenomStrike,venomstrike@outlook.com,32,Chile,Cali,Free,CON007,Steam Deck 512GB OLED,Consola,Valve,PC,1799900,1,0,1799900,4,"Cumple con lo prometido, buen producto.",2024-02-18,2024-02-20,2,Completado,PSE
ORD00109,USR010,ArcaneRift,arcanerift@gmail.com,20,Chile,Lima,Free,ACC003,Control DualSense Edge,Accesorio,Sony,PS5,749900,2,0,1499800,3,"Podría ser mejor, pero funciona.",2024-01-29,2024-02-12,14,Completado,PSE
ORD00106,USR010,ArcaneRift,arcanerift@gmail.com,20,Chile,Lima,Free,PRD006,Cyberpunk 2077: Phantom Liberty,Videojuego,CD Projekt Red,PC,149900,3,10,404730,5,Superó todas mis expectativas. 100% recomendado.,2024-09-26,2024-10-07,11,Completado,Nequi
ORD00263,USR023,ChronoSniper,chronosniper@hotmail.com,28,Perú,Quito,Free,PRD020,Call of Duty: Modern Warfare III,Videojuego,Activision,PC,249900,2,20,399840,5,Superó todas mis expectativas. 100% recomendado.,2024-07-11,2024-07-18,7,Completado,Nequi
ORD00264,USR023,ChronoSniper,chronosniper@hotmail.com,28,Perú,Quito,Free,ACC003,Control DualSense Edge,Accesorio,Sony,PS5,749900,2,20,1199840,3,"Regular, esperaba algo mejor.",2023-07-13,2023-07-28,15,Enviado,Tarjeta Crédito
ORD00409,USR035,OmegaPrime,omegaprime@hotmail.com,28,Venezuela,Caracas,Premium,PRD010,Diablo IV,Videojuego,Blizzard,PC,199900,2,0,399800,5,"¡Increíble, lo mejor que he comprado!",2023-09-01,2023-09-07,6,Cancelado,PSE
ORD00340,USR028,HexBlade,hexblade@gmail.com,31,Venezuela,Madrid,Free,ACC012,"Monitor LG UltraGear 27"" 165Hz",Accesorio,LG,PC,1299900,3,0,3899700,3,"Ni muy bueno ni muy malo, promedio.",2024-12-21,2024-12-26,5,Completado,Tarjeta Débito
ORD00176,USR016,RedPhoenix,redphoenix@gmail.com,38,México,Bogotá,Elite,ACC001,Control DualSense PS5 Blanco,Accesorio,Sony,PS5,399900,1,0,399900,5,"¡Increíble, lo mejor que he comprado!",2023-08-16,2023-08-30,14,Completado,Efecty
ORD00458,USR037,QuickScope,quickscope@gmail.com,37,México,Quito,Free,PRD001,The Legend of Zelda: Tears of the Kingdom,Videojuego,Nintendo,Nintendo Switch,299900,2,5,569810,4,"Muy buen producto, estoy satisfecho.",2023-06-22,2023-07-02,10,Completado,PayPal
ORD00556,USR045,YmirsCall,ymirscall@outlook.com,31,Colombia,Medellín,Free,PRD015,Forza Horizon 5,Videojuego,Microsoft,Xbox Series X,199900,2,20,319840,4,"Buen rendimiento, lo usaré por mucho tiempo.",2023-04-22,2023-04-23,1,Completado,Efecty
ORD00484,USR040,TurboGhost,turboghost@gmail.com,39,Perú,Quito,Free,PRD001,The Legend of Zelda: Tears of the Kingdom,Videojuego,Nintendo,Nintendo Switch,299900,3,5,854715,5,Superó todas mis expectativas. 100% recomendado.,2024-06-01,2024-06-15,14,Completado,Tarjeta Débito
ORD00019,USR002,NeonGhost,neonghost@hotmail.com,24,Chile,Buenos Aires,Free,ACC013,Silla Gamer Secretlab Titan EVO,Accesorio,Secretlab,Universal,2499900,3,15,6374745,4,"Muy buen producto, estoy satisfecho.",2024-11-14,2024-11-28,14,Completado,PayPal
ORD00063,USR005,StarForge,starforge@hotmail.com,18,Chile,Buenos Aires,Premium,ACC001,Control DualSense PS5 Blanco,Accesorio,Sony,PS5,399900,3,0,1199700,4,"Cumple con lo prometido, buen producto.",2023-11-27,2023-12-11,14,Completado,Cripto
ORD00064,USR005,StarForge,starforge@hotmail.com,18,Chile,Buenos Aires,Premium,PRD016,Halo Infinite,Videojuego,343 Industries,Xbox Series X,149900,2,5,284810,4,"Cumple con lo prometido, buen producto.",2024-11-15,2024-11-22,7,Completado,PayPal
ORD00253,USR022,BionicFox,bionicfox@gmail.com,21,Chile,Cali,Premium,ACC021,Funda Nintendo Switch Hori,Accesorio,Hori,Nintendo Switch,89900,3,20,215760,4,"Buen rendimiento, lo usaré por mucho tiempo.",2024-12-19,2024-12-28,9,Procesando,Nequi
ORD00372,USR031,KryptoNite,kryptonite@gmail.com,44,Venezuela,Lima,Free,PRD003,Elden Ring,Videojuego,Bandai Namco,PC,199900,1,0,199900,3,Cumple su función pero nada del otro mundo.,2024-04-28,2024-05-04,6,Completado,Tarjeta Crédito
ORD00158,USR013,StormCaster,stormcaster@gmail.com,41,Colombia,Madrid,Premium,ACC014,Mousepad XL Razer Goliathus Extended,Accesorio,Razer,PC,149900,2,0,299800,3,"Aceptable, tiene sus pros y contras.",2023-03-11,2023-03-19,8,Completado,Tarjeta Crédito
ORD00334,USR028,HexBlade,hexblade@gmail.com,31,Venezuela,Madrid,Free,PRD003,Elden Ring,Videojuego,Bandai Namco,PC,199900,2,10,359820,3,"Podría ser mejor, pero funciona.",2023-10-23,2023-10-26,3,Completado,Tarjeta Débito
ORD00430,USR036,PlasmaFist,plasmafist@outlook.com,32,Perú,Quito,Free,ACC024,Mouse Razer DeathAdder V3 Pro,Accesorio,Razer,PC,699900,2,5,1329810,5,"Top tier, no hay nada mejor en el mercado.",2023-12-19,2024-01-03,15,Completado,Cripto
ORD00222,USR020,TitanFall88,titanfall88@hotmail.com,27,Chile,Ciudad de México,Elite,CON004,Xbox Series S 512GB,Consola,Microsoft,Xbox Series S,1299900,1,0,1299900,2,Decepcionante para el precio pagado.,2023-02-22,2023-03-04,10,Completado,Daviplata
ORD00474,USR039,SilverBullet,silverbullet@outlook.com,29,Argentina,Madrid,Free,PRD004,Spider-Man 2,Videojuego,Sony,PS5,279900,1,20,223920,5,"Excelente calidad, llegó en perfecto estado.",2023-02-10,2023-02-24,14,Completado,Efecty
ORD00102,USR009,ShadowByte,shadowbyte@outlook.com,38,Venezuela,Lima,Free,CON001,PlayStation 5 Slim Digital,Consola,Sony,PS5,1899900,1,10,1709910,5,"¡Increíble, lo mejor que he comprado!",2024-05-14,2024-05-28,14,Completado,Nequi
ORD00559,USR045,YmirsCall,ymirscall@outlook.com,31,Colombia,Medellín,Free,CON004,Xbox Series S 512GB,Consola,Microsoft,Xbox Series S,1299900,1,20,1039920,5,"Top tier, no hay nada mejor en el mercado.",2024-12-15,2024-12-24,9,Completado,Efecty
ORD00401,USR034,NexusRaider,nexusraider@gmail.com,21,Venezuela,Caracas,Free,PRD012,Alan Wake 2,Videojuego,Remedy,PC,179900,2,0,359800,2,Decepcionante para el precio pagado.,2023-02-27,2023-03-03,4,Completado,Cripto
ORD00144,USR012,QuantumAce,quantumace@outlook.com,43,España,Caracas,Free,CON005,Nintendo Switch OLED,Consola,Nintendo,Nintendo Switch,1599900,1,15,1359915,4,"Cumple con lo prometido, buen producto.",2023-12-16,2023-12-19,3,Completado,Tarjeta Débito
ORD00436,USR036,PlasmaFist,plasmafist@outlook.com,32,Perú,Quito,Free,ACC006,Control Pro Nintendo Switch,Accesorio,Nintendo,Nintendo Switch,449900,1,20,359920,2,Decepcionante para el precio pagado.,2024-12-27,2025-01-05,9,Completado,Tarjeta Crédito
ORD00410,USR035,OmegaPrime,omegaprime@hotmail.com,28,Venezuela,Caracas,Premium,ACC002,Control DualSense PS5 Negro,Accesorio,Sony,PS5,399900,1,0,399900,4,"Muy buen producto, estoy satisfecho.",2023-09-13,2023-09-25,12,Completado,Tarjeta Crédito
ORD00256,USR022,BionicFox,bionicfox@gmail.com,21,Chile,Cali,Premium,PRD011,Resident Evil 4 Remake,Videojuego,Capcom,PS5,229900,2,15,390830,5,"Absolutamente épico, vale cada peso.",2024-03-28,2024-03-30,2,Completado,Cripto
ORD00226,USR020,TitanFall88,titanfall88@hotmail.com,27,Chile,Ciudad de México,Elite,ACC007,Teclado Mecánico HyperX Alloy Origins,Accesorio,HyperX,PC,399900,2,10,719820,3,"Aceptable, tiene sus pros y contras.",2024-06-11,2024-06-14,3,Completado,PayPal
ORD00245,USR022,BionicFox,bionicfox@gmail.com,21,Chile,Cali,Premium,PRD001,The Legend of Zelda: Tears of the Kingdom,Videojuego,Nintendo,Nintendo Switch,299900,2,0,599800,4,"Casi perfecto, pequeños detalles pero en general bueno.",2023-04-20,2023-05-05,15,Cancelado,Cripto
ORD00397,USR034,NexusRaider,nexusraider@gmail.com,21,Venezuela,Caracas,Free,PRD002,God of War Ragnarök,Videojuego,Sony,PS5,279900,2,10,503820,2,"Le falta calidad, esperaba más.",2024-04-28,2024-05-07,9,Completado,PayPal
ORD00582,USR047,AscendedOne,ascendedone@hotmail.com,23,México,Medellín,Elite,ACC009,Headset Sony Pulse 3D,Accesorio,Sony,PS5,499900,1,0,499900,4,"Buena relación calidad-precio, lo recomiendo.",2023-12-29,2024-01-02,4,Enviado,Nequi
ORD00246,USR022,BionicFox,bionicfox@gmail.com,21,Chile,Cali,Premium,PRD009,Final Fantasy XVI,Videojuego,Square Enix,PS5,279900,3,0,839700,4,"Casi perfecto, pequeños detalles pero en general bueno.",2023-07-17,2023-07-30,13,Completado,Daviplata
ORD00218,USR020,TitanFall88,titanfall88@hotmail.com,27,Chile,Ciudad de México,Elite,CON001,PlayStation 5 Slim Digital,Consola,Sony,PS5,1899900,1,5,1804905,5,"Absolutamente épico, vale cada peso.",2023-11-17,2023-11-21,4,Completado,Cripto
ORD00542,USR044,XenoBlade,xenoblade@hotmail.com,45,Colombia,Caracas,Free,ACC022,Auriculares Turtle Beach Stealth 700 Gen2,Accesorio,Turtle Beach,Xbox Series X,549900,3,10,1484730,3,Cumple su función pero nada del otro mundo.,2023-06-13,2023-06-16,3,Completado,Cripto
ORD00068,USR005,StarForge,starforge@hotmail.com,18,Chile,Buenos Aires,Premium,ACC004,Control Xbox Elite Series 2,Accesorio,Microsoft,Xbox Series X,749900,3,0,2249700,4,"Casi perfecto, pequeños detalles pero en general bueno.",2024-03-11,2024-03-23,12,Completado,Daviplata
ORD00103,USR009,ShadowByte,shadowbyte@outlook.com,38,Venezuela,Lima,Free,ACC014,Mousepad XL Razer Goliathus Extended,Accesorio,Razer,PC,149900,3,0,449700,5,"¡Increíble, lo mejor que he comprado!",2023-08-21,2023-09-02,12,Completado,Cripto
ORD00603,USR050,DoomStalker,doomstalker@hotmail.com,24,Venezuela,Buenos Aires,Premium,ACC020,Memory Card PS5 1TB Seagate,Accesorio,Seagate,PS5,499900,1,0,499900,5,"Top tier, no hay nada mejor en el mercado.",2024-12-18,2024-12-30,12,Completado,Tarjeta Débito
ORD00532,USR044,XenoBlade,xenoblade@hotmail.com,45,Colombia,Caracas,Free,CON002,PlayStation 5 Slim Disc,Consola,Sony,PS5,2199900,1,0,2199900,4,"Buen rendimiento, lo usaré por mucho tiempo.",2024-11-18,2024-11-29,11,Completado,Tarjeta Débito
ORD00323,USR027,GlitchHunter,glitchhunter@outlook.com,44,España,Buenos Aires,Elite,CON002,PlayStation 5 Slim Disc,Consola,Sony,PS5,2199900,1,15,1869915,4,"Buena relación calidad-precio, lo recomiendo.",2024-04-18,2024-04-22,4,Completado,PayPal
ORD00147,USR012,QuantumAce,quantumace@outlook.com,43,España,Caracas,Free,PRD008,Starfield,Videojuego,Bethesda,Xbox Series X,249900,2,0,499800,5,"¡Increíble, lo mejor que he comprado!",2024-08-30,2024-09-07,8,Completado,Nequi
ORD00122,USR011,BladeRunner7,bladerunner7@hotmail.com,18,Venezuela,Medellín,Free,ACC015,Webcam Elgato Facecam,Accesorio,Elgato,PC,699900,1,0,699900,5,"¡Increíble, lo mejor que he comprado!",2024-09-22,2024-09-29,7,Procesando,PSE
ORD00022,USR003,PixelKnight,pixelknight@outlook.com,39,México,Quito,Free,ACC014,Mousepad XL Razer Goliathus Extended,Accesorio,Razer,PC,149900,2,0,299800,5,"Excelente calidad, llegó en perfecto estado.",2023-02-15,2023-02-16,1,Completado,PayPal
ORD00087,USR007,VoidBreaker,voidbreaker@gmail.com,38,Venezuela,Buenos Aires,Premium,CON002,PlayStation 5 Slim Disc,Consola,Sony,PS5,2199900,1,5,2089905,4,"Buen rendimiento, lo usaré por mucho tiempo.",2024-05-22,2024-05-27,5,Completado,Tarjeta Crédito
ORD00034,USR004,CyberWolf,cyberwolf@gmail.com,34,Venezuela,Bogotá,Free,ACC016,Capturadora Elgato HD60 X,Accesorio,Elgato,Universal,799900,1,5,759905,5,"Excelente calidad, llegó en perfecto estado.",2023-11-04,2023-11-13,9,Completado,Efecty
ORD00038,USR004,CyberWolf,cyberwolf@gmail.com,34,Venezuela,Bogotá,Free,PRD019,Dead Space Remake,Videojuego,EA,PS5,229900,3,20,551760,5,Superó todas mis expectativas. 100% recomendado.,2024-09-26,2024-10-02,6,Completado,Daviplata
ORD00586,USR047,AscendedOne,ascendedone@hotmail.com,23,México,Medellín,Elite,ACC005,Control Xbox Series Rojo,Accesorio,Microsoft,Xbox Series X,349900,1,20,279920,5,"Absolutamente épico, vale cada peso.",2024-06-07,2024-06-12,5,Completado,PayPal
ORD00202,USR018,ZenithGamer,zenithgamer@outlook.com,43,México,Santiago,Free,PRD009,Final Fantasy XVI,Videojuego,Square Enix,PS5,279900,1,20,223920,4,"Cumple con lo prometido, buen producto.",2024-12-31,2025-01-08,8,Devuelto,PSE
ORD00075,USR006,LunaHunter,lunahunter@outlook.com,35,Colombia,Quito,Free,ACC025,Microfono Blue Yeti GX,Accesorio,Blue,PC,549900,3,20,1319760,5,"Top tier, no hay nada mejor en el mercado.",2023-03-29,2023-04-02,4,Completado,Nequi
ORD00479,USR040,TurboGhost,turboghost@gmail.com,39,Perú,Quito,Free,CON007,Steam Deck 512GB OLED,Consola,Valve,PC,1799900,1,5,1709905,5,Superó todas mis expectativas. 100% recomendado.,2024-05-09,2024-05-22,13,Completado,Efecty
ORD00244,USR022,BionicFox,bionicfox@gmail.com,21,Chile,Cali,Premium,PRD012,Alan Wake 2,Videojuego,Remedy,PC,179900,1,15,152915,5,"Excelente calidad, llegó en perfecto estado.",2024-02-11,2024-02-24,13,Completado,Tarjeta Crédito
ORD00024,USR003,PixelKnight,pixelknight@outlook.com,39,México,Quito,Free,CON004,Xbox Series S 512GB,Consola,Microsoft,Xbox Series S,1299900,1,0,1299900,4,"Cumple con lo prometido, buen producto.",2023-06-01,2023-06-08,7,Completado,Tarjeta Crédito
ORD00130,USR011,BladeRunner7,bladerunner7@hotmail.com,18,Venezuela,Medellín,Free,ACC002,Control DualSense PS5 Negro,Accesorio,Sony,PS5,399900,3,20,959760,3,"Ni muy bueno ni muy malo, promedio.",2024-09-21,2024-09-22,1,Completado,Daviplata
ORD00148,USR012,QuantumAce,quantumace@outlook.com,43,España,Caracas,Free,CON006,Nintendo Switch Lite,Consola,Nintendo,Nintendo Switch Lite,999900,1,0,999900,5,Superó todas mis expectativas. 100% recomendado.,2023-02-26,2023-02-27,1,Completado,Daviplata
ORD00153,USR013,StormCaster,stormcaster@gmail.com,41,Colombia,Madrid,Premium,ACC001,Control DualSense PS5 Blanco,Accesorio,Sony,PS5,399900,1,5,379905,3,"Aceptable, tiene sus pros y contras.",2024-08-26,2024-09-02,7,Completado,PSE
ORD00429,USR036,PlasmaFist,plasmafist@outlook.com,32,Perú,Quito,Free,PRD008,Starfield,Videojuego,Bethesda,Xbox Series X,249900,2,0,499800,3,"Regular, esperaba algo mejor.",2024-08-03,2024-08-13,10,Completado,Tarjeta Débito
ORD00115,USR010,ArcaneRift,arcanerift@gmail.com,20,Chile,Lima,Free,PRD011,Resident Evil 4 Remake,Videojuego,Capcom,PS5,229900,2,20,367840,5,"Excelente calidad, llegó en perfecto estado.",2024-05-08,2024-05-21,13,Completado,Tarjeta Débito
ORD00101,USR009,ShadowByte,shadowbyte@outlook.com,38,Venezuela,Lima,Free,ACC024,Mouse Razer DeathAdder V3 Pro,Accesorio,Razer,PC,699900,2,20,1119840,4,"Cumple con lo prometido, buen producto.",2024-12-10,2024-12-17,7,Completado,Efecty
ORD00313,USR026,FlameCore,flamecore@hotmail.com,24,México,Buenos Aires,Premium,ACC017,Soporte para auriculares Razer Base Station V2,Accesorio,Razer,PC,249900,2,0,499800,3,"Podría ser mejor, pero funciona.",2023-11-07,2023-11-11,4,Completado,Efecty
ORD00332,USR027,GlitchHunter,glitchhunter@outlook.com,44,España,Buenos Aires,Elite,ACC005,Control Xbox Series Rojo,Accesorio,Microsoft,Xbox Series X,349900,1,5,332405,3,"Podría ser mejor, pero funciona.",2024-01-29,2024-02-07,9,Completado,Cripto
ORD00560,USR046,ZephyrX,zephyrx@gmail.com,44,Perú,Buenos Aires,Free,ACC011,Headset HyperX Cloud III,Accesorio,HyperX,PC,449900,3,0,1349700,5,"Excelente calidad, llegó en perfecto estado.",2024-12-14,2024-12-24,10,Completado,Cripto
ORD00330,USR027,GlitchHunter,glitchhunter@outlook.com,44,España,Buenos Aires,Elite,ACC010,Headset SteelSeries Arctis Nova Pro,Accesorio,SteelSeries,PC,899900,2,15,1529830,4,"Buena relación calidad-precio, lo recomiendo.",2024-05-13,2024-05-24,11,Completado,PayPal
ORD00414,USR035,OmegaPrime,omegaprime@hotmail.com,28,Venezuela,Caracas,Premium,CON002,PlayStation 5 Slim Disc,Consola,Sony,PS5,2199900,1,10,1979910,3,"Regular, esperaba algo mejor.",2024-01-20,2024-01-23,3,Completado,PSE
ORD00425,USR035,OmegaPrime,omegaprime@hotmail.com,28,Venezuela,Caracas,Premium,PRD020,Call of Duty: Modern Warfare III,Videojuego,Activision,PC,249900,1,10,224910,4,"Buen rendimiento, lo usaré por mucho tiempo.",2023-02-05,2023-02-14,9,Completado,PayPal
ORD00483,USR040,TurboGhost,turboghost@gmail.com,39,Perú,Quito,Free,CON003,Xbox Series X 1TB,Consola,Microsoft,Xbox Series X,1999900,1,20,1599920,5,"Absolutamente épico, vale cada peso.",2024-10-18,2024-10-25,7,Completado,Tarjeta Crédito
ORD00084,USR007,VoidBreaker,voidbreaker@gmail.com,38,Venezuela,Buenos Aires,Premium,PRD015,Forza Horizon 5,Videojuego,Microsoft,Xbox Series X,199900,3,20,479760,5,"Excelente calidad, llegó en perfecto estado.",2024-08-12,2024-08-22,10,Procesando,Tarjeta Crédito
ORD00039,USR004,CyberWolf,cyberwolf@gmail.com,34,Venezuela,Bogotá,Free,PRD015,Forza Horizon 5,Videojuego,Microsoft,Xbox Series X,199900,1,10,179910,3,"Regular, esperaba algo mejor.",2023-02-17,2023-02-21,4,Cancelado,Cripto
ORD00419,USR035,OmegaPrime,omegaprime@hotmail.com,28,Venezuela,Caracas,Premium,PRD013,Street Fighter 6,Videojuego,Capcom,PS5,249900,1,0,249900,1,"Terrible producto, perdí mi dinero.",2023-06-24,2023-07-05,11,Completado,Tarjeta Débito
ORD00139,USR012,QuantumAce,quantumace@outlook.com,43,España,Caracas,Free,ACC012,"Monitor LG UltraGear 27"" 165Hz",Accesorio,LG,PC,1299900,2,15,2209830,4,"Casi perfecto, pequeños detalles pero en general bueno.",2024-08-14,2024-08-23,9,Completado,Nequi
ORD00082,USR007,VoidBreaker,voidbreaker@gmail.com,38,Venezuela,Buenos Aires,Premium,PRD008,Starfield,Videojuego,Bethesda,Xbox Series X,249900,2,10,449820,5,"Absolutamente épico, vale cada peso.",2024-12-17,2024-12-24,7,Procesando,Cripto
ORD00489,USR041,UltraViolet,ultraviolet@hotmail.com,32,México,Ciudad de México,Elite,ACC015,Webcam Elgato Facecam,Accesorio,Elgato,PC,699900,3,20,1679760,4,"Buena relación calidad-precio, lo recomiendo.",2023-12-16,2023-12-22,6,Enviado,Cripto
ORD00451,USR037,QuickScope,quickscope@gmail.com,37,México,Quito,Free,PRD011,Resident Evil 4 Remake,Videojuego,Capcom,PS5,229900,3,0,689700,5,"Excelente calidad, llegó en perfecto estado.",2023-07-05,2023-07-10,5,Completado,PayPal
ORD00421,USR035,OmegaPrime,omegaprime@hotmail.com,28,Venezuela,Caracas,Premium,CON004,Xbox Series S 512GB,Consola,Microsoft,Xbox Series S,1299900,1,0,1299900,5,"Top tier, no hay nada mejor en el mercado.",2024-01-14,2024-01-17,3,Completado,Cripto
ORD00014,USR002,NeonGhost,neonghost@hotmail.com,24,Chile,Buenos Aires,Free,PRD005,Hogwarts Legacy,Videojuego,WB Games,Xbox Series X,249900,3,10,674730,2,"Le falta calidad, esperaba más.",2023-08-29,2023-09-05,7,Completado,Tarjeta Crédito
ORD00561,USR046,ZephyrX,zephyrx@gmail.com,44,Perú,Buenos Aires,Free,ACC023,Teclado Razer BlackWidow V4,Accesorio,Razer,PC,649900,1,10,584910,5,"Top tier, no hay nada mejor en el mercado.",2023-03-27,2023-04-01,5,Completado,Daviplata
ORD00006,USR001,DarkSlayer99,darkslayer99@gmail.com,36,México,Bogotá,Elite,CON007,Steam Deck 512GB OLED,Consola,Valve,PC,1799900,1,15,1529915,4,"Muy buen producto, estoy satisfecho.",2023-02-25,2023-03-08,11,Completado,Tarjeta Crédito
ORD00117,USR010,ArcaneRift,arcanerift@gmail.com,20,Chile,Lima,Free,PRD006,Cyberpunk 2077: Phantom Liberty,Videojuego,CD Projekt Red,PC,149900,2,15,254830,1,"No funciona como debería, una decepción.",2024-07-03,2024-07-05,2,Completado,Efecty
ORD00515,USR042,VenomStrike,venomstrike@outlook.com,32,Chile,Cali,Free,CON004,Xbox Series S 512GB,Consola,Microsoft,Xbox Series S,1299900,1,10,1169910,4,"Muy buen producto, estoy satisfecho.",2024-09-25,2024-10-04,9,Completado,Tarjeta Débito
ORD00549,USR045,YmirsCall,ymirscall@outlook.com,31,Colombia,Medellín,Free,PRD005,Hogwarts Legacy,Videojuego,WB Games,Xbox Series X,249900,3,0,749700,5,"Absolutamente épico, vale cada peso.",2023-08-05,2023-08-08,3,Completado,Tarjeta Débito
ORD00581,USR047,AscendedOne,ascendedone@hotmail.com,23,México,Medellín,Elite,ACC018,Cable HDMI 2.1 8K Belkin,Accesorio,Belkin,Universal,99900,2,20,159840,3,"Aceptable, tiene sus pros y contras.",2023-04-06,2023-04-13,7,Completado,Tarjeta Débito
ORD00468,USR038,RogueAgent,rogueagent@hotmail.com,40,España,Medellín,Free,CON007,Steam Deck 512GB OLED,Consola,Valve,PC,1799900,1,10,1619910,5,Superó todas mis expectativas. 100% recomendado.,2024-11-09,2024-11-18,9,Completado,Efecty
ORD00528,USR043,WarpZone,warpzone@gmail.com,40,Argentina,Quito,Premium,PRD008,Starfield,Videojuego,Bethesda,Xbox Series X,249900,1,0,249900,1,"No funciona como debería, una decepción.",2024-09-02,2024-09-09,7,Completado,Nequi
ORD00029,USR003,PixelKnight,pixelknight@outlook.com,39,México,Quito,Free,PRD020,Call of Duty: Modern Warfare III,Videojuego,Activision,PC,249900,1,0,249900,3,"Regular, esperaba algo mejor.",2024-11-06,2024-11-10,4,Completado,Daviplata
ORD00379,USR032,LightningRod,lightningrod@hotmail.com,20,Ecuador,Medellín,Free,ACC022,Auriculares Turtle Beach Stealth 700 Gen2,Accesorio,Turtle Beach,Xbox Series X,549900,3,0,1649700,4,"Casi perfecto, pequeños detalles pero en general bueno.",2023-11-11,2023-11-13,2,Completado,Cripto
ORD00196,USR018,ZenithGamer,zenithgamer@outlook.com,43,México,Santiago,Free,ACC016,Capturadora Elgato HD60 X,Accesorio,Elgato,Universal,799900,3,0,2399700,4,"Muy buen producto, estoy satisfecho.",2024-06-09,2024-06-22,13,Completado,PayPal
ORD00288,USR024,DeltaForce1,deltaforce1@outlook.com,37,España,Bogotá,Free,ACC007,Teclado Mecánico HyperX Alloy Origins,Accesorio,HyperX,PC,399900,1,0,399900,3,"Aceptable, tiene sus pros y contras.",2024-09-26,2024-10-05,9,Completado,Efecty
ORD00450,USR037,QuickScope,quickscope@gmail.com,37,México,Quito,Free,ACC020,Memory Card PS5 1TB Seagate,Accesorio,Seagate,PS5,499900,3,15,1274745,3,"Aceptable, tiene sus pros y contras.",2024-07-01,2024-07-12,11,Completado,Daviplata
ORD00317,USR026,FlameCore,flamecore@hotmail.com,24,México,Buenos Aires,Premium,ACC024,Mouse Razer DeathAdder V3 Pro,Accesorio,Razer,PC,699900,2,15,1189830,3,"Ni muy bueno ni muy malo, promedio.",2023-04-11,2023-04-16,5,Completado,Nequi
ORD00502,USR041,UltraViolet,ultraviolet@hotmail.com,32,México,Ciudad de México,Elite,ACC022,Auriculares Turtle Beach Stealth 700 Gen2,Accesorio,Turtle Beach,Xbox Series X,549900,2,15,934830,4,"Casi perfecto, pequeños detalles pero en general bueno.",2024-08-19,2024-08-29,10,Procesando,Daviplata
ORD00089,USR007,VoidBreaker,voidbreaker@gmail.com,38,Venezuela,Buenos Aires,Premium,ACC016,Capturadora Elgato HD60 X,Accesorio,Elgato,Universal,799900,3,10,2159730,4,"Casi perfecto, pequeños detalles pero en general bueno.",2023-02-25,2023-03-01,4,Completado,Cripto
ORD00248,USR022,BionicFox,bionicfox@gmail.com,21,Chile,Cali,Premium,ACC013,Silla Gamer Secretlab Titan EVO,Accesorio,Secretlab,Universal,2499900,3,5,7124715,5,"¡Increíble, lo mejor que he comprado!",2024-03-13,2024-03-22,9,Completado,PayPal
ORD00324,USR027,GlitchHunter,glitchhunter@outlook.com,44,España,Buenos Aires,Elite,ACC014,Mousepad XL Razer Goliathus Extended,Accesorio,Razer,PC,149900,3,0,449700,4,"Casi perfecto, pequeños detalles pero en general bueno.",2023-01-30,2023-02-11,12,Completado,Efecty
ORD00595,USR049,CriticalHit,criticalhit@gmail.com,20,Ecuador,Quito,Free,PRD004,Spider-Man 2,Videojuego,Sony,PS5,279900,1,5,265905,5,"Excelente calidad, llegó en perfecto estado.",2024-05-02,2024-05-16,14,Completado,Daviplata
ORD00112,USR010,ArcaneRift,arcanerift@gmail.com,20,Chile,Lima,Free,ACC012,"Monitor LG UltraGear 27"" 165Hz",Accesorio,LG,PC,1299900,2,20,2079840,3,Cumple su función pero nada del otro mundo.,2023-07-14,2023-07-24,10,Completado,Tarjeta Débito
ORD00205,USR019,EchoStrike,echostrike@gmail.com,30,España,Cali,Free,ACC003,Control DualSense Edge,Accesorio,Sony,PS5,749900,3,15,1912245,3,"Podría ser mejor, pero funciona.",2023-03-30,2023-04-01,2,Completado,Efecty
ORD00048,USR004,CyberWolf,cyberwolf@gmail.com,34,Venezuela,Bogotá,Free,CON002,PlayStation 5 Slim Disc,Consola,Sony,PS5,2199900,1,5,2089905,4,"Casi perfecto, pequeños detalles pero en general bueno.",2024-03-01,2024-03-02,1,Completado,Tarjeta Crédito
ORD00299,USR025,EpicLancer,epiclancer@gmail.com,42,Colombia,Lima,Premium,PRD012,Alan Wake 2,Videojuego,Remedy,PC,179900,3,0,539700,4,"Buena relación calidad-precio, lo recomiendo.",2024-01-25,2024-01-27,2,Completado,Tarjeta Débito
ORD00390,USR032,LightningRod,lightningrod@hotmail.com,20,Ecuador,Medellín,Free,PRD002,God of War Ragnarök,Videojuego,Sony,PS5,279900,1,0,279900,3,"Aceptable, tiene sus pros y contras.",2024-10-23,2024-10-31,8,Enviado,Tarjeta Débito
ORD00501,USR041,UltraViolet,ultraviolet@hotmail.com,32,México,Ciudad de México,Elite,ACC017,Soporte para auriculares Razer Base Station V2,Accesorio,Razer,PC,249900,1,15,212415,5,"Excelente calidad, llegó en perfecto estado.",2024-10-27,2024-10-30,3,Completado,Tarjeta Débito
ORD00580,USR047,AscendedOne,ascendedone@hotmail.com,23,México,Medellín,Elite,ACC017,Soporte para auriculares Razer Base Station V2,Accesorio,Razer,PC,249900,3,10,674730,3,"Ni muy bueno ni muy malo, promedio.",2023-11-20,2023-11-27,7,Procesando,Tarjeta Crédito
ORD00496,USR041,UltraViolet,ultraviolet@hotmail.com,32,México,Ciudad de México,Elite,ACC009,Headset Sony Pulse 3D,Accesorio,Sony,PS5,499900,2,0,999800,5,"Absolutamente épico, vale cada peso.",2024-05-09,2024-05-24,15,Completado,PayPal
ORD00136,USR011,BladeRunner7,bladerunner7@hotmail.com,18,Venezuela,Medellín,Free,CON001,PlayStation 5 Slim Digital,Consola,Sony,PS5,1899900,1,0,1899900,4,"Casi perfecto, pequeños detalles pero en general bueno.",2024-11-12,2024-11-17,5,Completado,Tarjeta Débito
ORD00609,USR050,DoomStalker,doomstalker@hotmail.com,24,Venezuela,Buenos Aires,Premium,ACC007,Teclado Mecánico HyperX Alloy Origins,Accesorio,HyperX,PC,399900,3,10,1079730,5,Superó todas mis expectativas. 100% recomendado.,2023-11-14,2023-11-29,15,Completado,Tarjeta Débito
ORD00290,USR024,DeltaForce1,deltaforce1@outlook.com,37,España,Bogotá,Free,ACC017,Soporte para auriculares Razer Base Station V2,Accesorio,Razer,PC,249900,1,5,237405,5,"Top tier, no hay nada mejor en el mercado.",2024-10-27,2024-11-09,13,Completado,Efecty
ORD00510,USR042,VenomStrike,venomstrike@outlook.com,32,Chile,Cali,Free,PRD012,Alan Wake 2,Videojuego,Remedy,PC,179900,3,10,485730,4,"Cumple con lo prometido, buen producto.",2024-01-22,2024-01-23,1,Completado,PayPal
ORD00236,USR021,AlphaWave,alphawave@outlook.com,45,México,Caracas,Elite,ACC018,Cable HDMI 2.1 8K Belkin,Accesorio,Belkin,Universal,99900,3,20,239760,4,"Cumple con lo prometido, buen producto.",2024-05-06,2024-05-12,6,Completado,Daviplata
ORD00598,USR049,CriticalHit,criticalhit@gmail.com,20,Ecuador,Quito,Free,ACC023,Teclado Razer BlackWidow V4,Accesorio,Razer,PC,649900,2,15,1104830,4,"Casi perfecto, pequeños detalles pero en general bueno.",2024-11-20,2024-11-29,9,Completado,Tarjeta Débito
ORD00049,USR004,CyberWolf,cyberwolf@gmail.com,34,Venezuela,Bogotá,Free,ACC022,Auriculares Turtle Beach Stealth 700 Gen2,Accesorio,Turtle Beach,Xbox Series X,549900,3,5,1567215,4,"Casi perfecto, pequeños detalles pero en general bueno.",2023-01-07,2023-01-13,6,Completado,Nequi
ORD00455,USR037,QuickScope,quickscope@gmail.com,37,México,Quito,Free,ACC017,Soporte para auriculares Razer Base Station V2,Accesorio,Razer,PC,249900,2,0,499800,4,"Buena relación calidad-precio, lo recomiendo.",2024-02-28,2024-02-29,1,Enviado,Nequi
ORD00285,USR024,DeltaForce1,deltaforce1@outlook.com,37,España,Bogotá,Free,ACC019,Cargador DualSense Sony Station,Accesorio,Sony,PS5,199900,1,10,179910,1,"Pésima calidad, no sirve.",2024-06-01,2024-06-09,8,Completado,Cripto
ORD00262,USR023,ChronoSniper,chronosniper@hotmail.com,28,Perú,Quito,Free,PRD008,Starfield,Videojuego,Bethesda,Xbox Series X,249900,1,0,249900,5,"¡Increíble, lo mejor que he comprado!",2024-02-07,2024-02-16,9,Completado,Tarjeta Crédito
ORD00459,USR037,QuickScope,quickscope@gmail.com,37,México,Quito,Free,ACC013,Silla Gamer Secretlab Titan EVO,Accesorio,Secretlab,Universal,2499900,2,5,4749810,5,"¡Increíble, lo mejor que he comprado!",2024-02-18,2024-02-25,7,Cancelado,Tarjeta Crédito
ORD00142,USR012,QuantumAce,quantumace@outlook.com,43,España,Caracas,Free,PRD012,Alan Wake 2,Videojuego,Remedy,PC,179900,2,0,359800,5,Superó todas mis expectativas. 100% recomendado.,2023-11-13,2023-11-28,15,Completado,PayPal
ORD00012,USR002,NeonGhost,neonghost@hotmail.com,24,Chile,Buenos Aires,Free,PRD013,Street Fighter 6,Videojuego,Capcom,PS5,249900,2,0,499800,3,"Aceptable, tiene sus pros y contras.",2023-03-01,2023-03-11,10,Completado,Tarjeta Crédito
ORD00326,USR027,GlitchHunter,glitchhunter@outlook.com,44,España,Buenos Aires,Elite,ACC025,Microfono Blue Yeti GX,Accesorio,Blue,PC,549900,3,0,1649700,3,"Podría ser mejor, pero funciona.",2023-11-30,2023-12-04,4,Completado,PSE
ORD00315,USR026,FlameCore,flamecore@hotmail.com,24,México,Buenos Aires,Premium,ACC024,Mouse Razer DeathAdder V3 Pro,Accesorio,Razer,PC,699900,2,0,1399800,5,"¡Increíble, lo mejor que he comprado!",2024-07-03,2024-07-13,10,Completado,Nequi
ORD00387,USR032,LightningRod,lightningrod@hotmail.com,20,Ecuador,Medellín,Free,ACC017,Soporte para auriculares Razer Base Station V2,Accesorio,Razer,PC,249900,2,20,399840,4,"Casi perfecto, pequeños detalles pero en general bueno.",2023-06-28,2023-06-29,1,Procesando,Nequi
ORD00154,USR013,StormCaster,stormcaster@gmail.com,41,Colombia,Madrid,Premium,PRD015,Forza Horizon 5,Videojuego,Microsoft,Xbox Series X,199900,2,10,359820,5,"Absolutamente épico, vale cada peso.",2023-03-20,2023-03-29,9,Completado,Nequi
ORD00004,USR001,DarkSlayer99,darkslayer99@gmail.com,36,México,Bogotá,Elite,ACC006,Control Pro Nintendo Switch,Accesorio,Nintendo,Nintendo Switch,449900,1,15,382415,4,"Buen rendimiento, lo usaré por mucho tiempo.",2024-05-12,2024-05-16,4,Completado,Cripto
ORD00584,USR047,AscendedOne,ascendedone@hotmail.com,23,México,Medellín,Elite,ACC013,Silla Gamer Secretlab Titan EVO,Accesorio,Secretlab,Universal,2499900,2,15,4249830,3,"Podría ser mejor, pero funciona.",2023-04-20,2023-04-22,2,Procesando,Tarjeta Crédito
ORD00070,USR006,LunaHunter,lunahunter@outlook.com,35,Colombia,Quito,Free,ACC021,Funda Nintendo Switch Hori,Accesorio,Hori,Nintendo Switch,89900,2,0,179800,4,"Muy buen producto, estoy satisfecho.",2024-08-26,2024-09-08,13,Completado,Nequi
ORD00361,USR030,JadeWarden,jadewarden@outlook.com,33,Perú,Caracas,Premium,PRD009,Final Fantasy XVI,Videojuego,Square Enix,PS5,279900,2,15,475830,5,Superó todas mis expectativas. 100% recomendado.,2024-08-05,2024-08-12,7,Completado,Cripto
ORD00587,USR048,BurnoutKing,burnoutking@outlook.com,31,México,Quito,Free,ACC007,Teclado Mecánico HyperX Alloy Origins,Accesorio,HyperX,PC,399900,2,5,759810,4,"Buena relación calidad-precio, lo recomiendo.",2024-07-07,2024-07-08,1,Completado,Cripto
ORD00146,USR012,QuantumAce,quantumace@outlook.com,43,España,Caracas,Free,ACC005,Control Xbox Series Rojo,Accesorio,Microsoft,Xbox Series X,349900,3,0,1049700,4,"Cumple con lo prometido, buen producto.",2023-10-07,2023-10-11,4,Completado,Efecty
ORD00018,USR002,NeonGhost,neonghost@hotmail.com,24,Chile,Buenos Aires,Free,CON003,Xbox Series X 1TB,Consola,Microsoft,Xbox Series X,1999900,1,5,1899905,5,"Absolutamente épico, vale cada peso.",2023-09-08,2023-09-14,6,Completado,Daviplata
ORD00447,USR037,QuickScope,quickscope@gmail.com,37,México,Quito,Free,ACC015,Webcam Elgato Facecam,Accesorio,Elgato,PC,699900,3,10,1889730,5,Superó todas mis expectativas. 100% recomendado.,2024-10-29,2024-11-03,5,Completado,Tarjeta Crédito
ORD00537,USR044,XenoBlade,xenoblade@hotmail.com,45,Colombia,Caracas,Free,PRD018,Pokémon Scarlet,Videojuego,Game Freak,Nintendo Switch,249900,1,15,212415,5,"¡Increíble, lo mejor que he comprado!",2023-07-21,2023-07-26,5,Completado,Tarjeta Débito
ORD00230,USR020,TitanFall88,titanfall88@hotmail.com,27,Chile,Ciudad de México,Elite,ACC020,Memory Card PS5 1TB Seagate,Accesorio,Seagate,PS5,499900,1,10,449910,4,"Casi perfecto, pequeños detalles pero en general bueno.",2023-06-24,2023-07-03,9,Completado,PayPal
ORD00232,USR020,TitanFall88,titanfall88@hotmail.com,27,Chile,Ciudad de México,Elite,PRD010,Diablo IV,Videojuego,Blizzard,PC,199900,2,5,379810,5,"¡Increíble, lo mejor que he comprado!",2024-02-25,2024-03-05,9,Completado,PayPal
ORD00466,USR038,RogueAgent,rogueagent@hotmail.com,40,España,Medellín,Free,ACC012,"Monitor LG UltraGear 27"" 165Hz",Accesorio,LG,PC,1299900,1,15,1104915,5,"¡Increíble, lo mejor que he comprado!",2024-10-31,2024-11-14,14,Completado,Efecty
ORD00131,USR011,BladeRunner7,bladerunner7@hotmail.com,18,Venezuela,Medellín,Free,ACC003,Control DualSense Edge,Accesorio,Sony,PS5,749900,3,5,2137215,5,"¡Increíble, lo mejor que he comprado!",2023-03-04,2023-03-12,8,Enviado,Cripto
ORD00325,USR027,GlitchHunter,glitchhunter@outlook.com,44,España,Buenos Aires,Elite,CON005,Nintendo Switch OLED,Consola,Nintendo,Nintendo Switch,1599900,1,15,1359915,1,"Muy mala experiencia, no lo recomiendo.",2023-08-08,2023-08-12,4,Completado,Tarjeta Débito
ORD00600,USR049,CriticalHit,criticalhit@gmail.com,20,Ecuador,Quito,Free,CON007,Steam Deck 512GB OLED,Consola,Valve,PC,1799900,1,0,1799900,5,"¡Increíble, lo mejor que he comprado!",2024-08-08,2024-08-15,7,Enviado,PayPal
ORD00110,USR010,ArcaneRift,arcanerift@gmail.com,20,Chile,Lima,Free,ACC010,Headset SteelSeries Arctis Nova Pro,Accesorio,SteelSeries,PC,899900,2,15,1529830,5,"Top tier, no hay nada mejor en el mercado.",2023-10-30,2023-10-31,1,Cancelado,Daviplata
ORD00280,USR024,DeltaForce1,deltaforce1@outlook.com,37,España,Bogotá,Free,ACC010,Headset SteelSeries Arctis Nova Pro,Accesorio,SteelSeries,PC,899900,1,10,809910,5,"Absolutamente épico, vale cada peso.",2023-01-17,2023-01-22,5,Completado,Efecty
ORD00591,USR048,BurnoutKing,burnoutking@outlook.com,31,México,Quito,Free,ACC018,Cable HDMI 2.1 8K Belkin,Accesorio,Belkin,Universal,99900,2,10,179820,4,"Buena relación calidad-precio, lo recomiendo.",2024-02-15,2024-02-20,5,Completado,Nequi
ORD00124,USR011,BladeRunner7,bladerunner7@hotmail.com,18,Venezuela,Medellín,Free,PRD004,Spider-Man 2,Videojuego,Sony,PS5,279900,2,0,559800,4,"Buena relación calidad-precio, lo recomiendo.",2023-05-06,2023-05-20,14,Enviado,Tarjeta Crédito
ORD00312,USR026,FlameCore,flamecore@hotmail.com,24,México,Buenos Aires,Premium,ACC020,Memory Card PS5 1TB Seagate,Accesorio,Seagate,PS5,499900,2,20,799840,5,"¡Increíble, lo mejor que he comprado!",2023-08-03,2023-08-11,8,Completado,Efecty
ORD00418,USR035,OmegaPrime,omegaprime@hotmail.com,28,Venezuela,Caracas,Premium,PRD004,Spider-Man 2,Videojuego,Sony,PS5,279900,2,15,475830,1,"Pésima calidad, no sirve.",2023-03-31,2023-04-05,5,Enviado,Cripto
ORD00221,USR020,TitanFall88,titanfall88@hotmail.com,27,Chile,Ciudad de México,Elite,ACC008,Mouse Logitech G Pro X Superlight,Accesorio,Logitech,PC,549900,1,15,467415,5,"Excelente calidad, llegó en perfecto estado.",2024-03-17,2024-03-20,3,Enviado,Efecty
ORD00212,USR019,EchoStrike,echostrike@gmail.com,30,España,Cali,Free,ACC010,Headset SteelSeries Arctis Nova Pro,Accesorio,SteelSeries,PC,899900,1,15,764915,5,"Absolutamente épico, vale cada peso.",2023-01-30,2023-02-01,2,Completado,Daviplata
ORD00593,USR049,CriticalHit,criticalhit@gmail.com,20,Ecuador,Quito,Free,ACC004,Control Xbox Elite Series 2,Accesorio,Microsoft,Xbox Series X,749900,1,20,599920,3,"Ni muy bueno ni muy malo, promedio.",2024-05-26,2024-05-29,3,Devuelto,PSE
ORD00167,USR015,NightOwl42,nightowl42@outlook.com,25,España,Caracas,Free,PRD020,Call of Duty: Modern Warfare III,Videojuego,Activision,PC,249900,3,15,637245,4,"Buen rendimiento, lo usaré por mucho tiempo.",2023-12-03,2023-12-17,14,Completado,Tarjeta Débito
ORD00335,USR028,HexBlade,hexblade@gmail.com,31,Venezuela,Madrid,Free,ACC010,Headset SteelSeries Arctis Nova Pro,Accesorio,SteelSeries,PC,899900,1,10,809910,4,"Muy buen producto, estoy satisfecho.",2024-07-10,2024-07-24,14,Devuelto,Cripto
ORD00516,USR042,VenomStrike,venomstrike@outlook.com,32,Chile,Cali,Free,ACC016,Capturadora Elgato HD60 X,Accesorio,Elgato,Universal,799900,2,0,1599800,4,"Muy buen producto, estoy satisfecho.",2024-10-19,2024-10-29,10,Procesando,PSE
ORD00181,USR016,RedPhoenix,redphoenix@gmail.com,38,México,Bogotá,Elite,PRD016,Halo Infinite,Videojuego,343 Industries,Xbox Series X,149900,2,10,269820,3,"Podría ser mejor, pero funciona.",2023-09-02,2023-09-09,7,Completado,Tarjeta Débito
ORD00227,USR020,TitanFall88,titanfall88@hotmail.com,27,Chile,Ciudad de México,Elite,CON006,Nintendo Switch Lite,Consola,Nintendo,Nintendo Switch Lite,999900,1,20,799920,5,"Absolutamente épico, vale cada peso.",2023-11-03,2023-11-13,10,Completado,Cripto
ORD00308,USR025,EpicLancer,epiclancer@gmail.com,42,Colombia,Lima,Premium,ACC025,Microfono Blue Yeti GX,Accesorio,Blue,PC,549900,2,15,934830,4,"Buen rendimiento, lo usaré por mucho tiempo.",2024-03-16,2024-03-30,14,Enviado,PayPal
ORD00274,USR023,ChronoSniper,chronosniper@hotmail.com,28,Perú,Quito,Free,ACC002,Control DualSense PS5 Negro,Accesorio,Sony,PS5,399900,2,15,679830,2,Decepcionante para el precio pagado.,2023-07-15,2023-07-16,1,Completado,Tarjeta Crédito
ORD00081,USR007,VoidBreaker,voidbreaker@gmail.com,38,Venezuela,Buenos Aires,Premium,PRD005,Hogwarts Legacy,Videojuego,WB Games,Xbox Series X,249900,1,10,224910,3,"Aceptable, tiene sus pros y contras.",2023-11-11,2023-11-21,10,Completado,Cripto
ORD00173,USR015,NightOwl42,nightowl42@outlook.com,25,España,Caracas,Free,CON004,Xbox Series S 512GB,Consola,Microsoft,Xbox Series S,1299900,1,0,1299900,5,"Top tier, no hay nada mejor en el mercado.",2024-08-07,2024-08-15,8,Completado,Efecty
ORD00259,USR022,BionicFox,bionicfox@gmail.com,21,Chile,Cali,Premium,ACC011,Headset HyperX Cloud III,Accesorio,HyperX,PC,449900,1,0,449900,2,No cumplió mis expectativas.,2023-12-19,2023-12-31,12,Completado,Cripto
ORD00206,USR019,EchoStrike,echostrike@gmail.com,30,España,Cali,Free,ACC023,Teclado Razer BlackWidow V4,Accesorio,Razer,PC,649900,2,15,1104830,5,"¡Increíble, lo mejor que he comprado!",2023-03-17,2023-03-20,3,Cancelado,Cripto
ORD00282,USR024,DeltaForce1,deltaforce1@outlook.com,37,España,Bogotá,Free,PRD017,Mario Kart 8 Deluxe,Videojuego,Nintendo,Nintendo Switch,229900,2,0,459800,5,"Excelente calidad, llegó en perfecto estado.",2024-10-19,2024-10-31,12,Completado,PayPal
ORD00585,USR047,AscendedOne,ascendedone@hotmail.com,23,México,Medellín,Elite,ACC022,Auriculares Turtle Beach Stealth 700 Gen2,Accesorio,Turtle Beach,Xbox Series X,549900,3,5,1567215,5,"Absolutamente épico, vale cada peso.",2024-05-08,2024-05-14,6,Completado,Daviplata
ORD00086,USR007,VoidBreaker,voidbreaker@gmail.com,38,Venezuela,Buenos Aires,Premium,ACC014,Mousepad XL Razer Goliathus Extended,Accesorio,Razer,PC,149900,2,0,299800,5,"¡Increíble, lo mejor que he comprado!",2024-04-26,2024-05-02,6,Completado,PayPal
ORD00535,USR044,XenoBlade,xenoblade@hotmail.com,45,Colombia,Caracas,Free,ACC019,Cargador DualSense Sony Station,Accesorio,Sony,PS5,199900,3,15,509745,5,"Excelente calidad, llegó en perfecto estado.",2023-10-11,2023-10-25,14,Completado,Cripto
ORD00219,USR020,TitanFall88,titanfall88@hotmail.com,27,Chile,Ciudad de México,Elite,ACC005,Control Xbox Series Rojo,Accesorio,Microsoft,Xbox Series X,349900,2,0,699800,4,"Buena relación calidad-precio, lo recomiendo.",2023-04-03,2023-04-10,7,Completado,PSE
ORD00235,USR021,AlphaWave,alphawave@outlook.com,45,México,Caracas,Elite,PRD013,Street Fighter 6,Videojuego,Capcom,PS5,249900,1,0,249900,4,"Cumple con lo prometido, buen producto.",2023-11-02,2023-11-06,4,Procesando,Nequi
ORD00486,USR040,TurboGhost,turboghost@gmail.com,39,Perú,Quito,Free,CON006,Nintendo Switch Lite,Consola,Nintendo,Nintendo Switch Lite,999900,1,10,899910,5,"Top tier, no hay nada mejor en el mercado.",2023-03-22,2023-03-30,8,Completado,Tarjeta Débito
ORD00296,USR025,EpicLancer,epiclancer@gmail.com,42,Colombia,Lima,Premium,ACC024,Mouse Razer DeathAdder V3 Pro,Accesorio,Razer,PC,699900,3,0,2099700,5,"¡Increíble, lo mejor que he comprado!",2024-05-27,2024-06-08,12,Cancelado,Efecty
ORD00463,USR038,RogueAgent,rogueagent@hotmail.com,40,España,Medellín,Free,ACC001,Control DualSense PS5 Blanco,Accesorio,Sony,PS5,399900,3,20,959760,5,Superó todas mis expectativas. 100% recomendado.,2023-12-17,2024-01-01,15,Completado,PayPal
ORD00498,USR041,UltraViolet,ultraviolet@hotmail.com,32,México,Ciudad de México,Elite,CON007,Steam Deck 512GB OLED,Consola,Valve,PC,1799900,1,5,1709905,5,"Excelente calidad, llegó en perfecto estado.",2024-12-10,2024-12-23,13,Completado,Daviplata
ORD00373,USR032,LightningRod,lightningrod@hotmail.com,20,Ecuador,Medellín,Free,PRD015,Forza Horizon 5,Videojuego,Microsoft,Xbox Series X,199900,2,10,359820,3,"Aceptable, tiene sus pros y contras.",2023-11-24,2023-11-29,5,Enviado,Tarjeta Débito
ORD00513,USR042,VenomStrike,venomstrike@outlook.com,32,Chile,Cali,Free,PRD005,Hogwarts Legacy,Videojuego,WB Games,Xbox Series X,249900,3,20,599760,4,"Buen rendimiento, lo usaré por mucho tiempo.",2023-08-14,2023-08-17,3,Completado,PayPal
ORD00374,USR032,LightningRod,lightningrod@hotmail.com,20,Ecuador,Medellín,Free,ACC006,Control Pro Nintendo Switch,Accesorio,Nintendo,Nintendo Switch,449900,3,0,1349700,5,"Top tier, no hay nada mejor en el mercado.",2023-07-03,2023-07-07,4,Completado,Tarjeta Débito
ORD00407,USR034,NexusRaider,nexusraider@gmail.com,21,Venezuela,Caracas,Free,CON005,Nintendo Switch OLED,Consola,Nintendo,Nintendo Switch,1599900,1,15,1359915,4,"Muy buen producto, estoy satisfecho.",2024-12-06,2024-12-11,5,Completado,Efecty
ORD00321,USR026,FlameCore,flamecore@hotmail.com,24,México,Buenos Aires,Premium,ACC020,Memory Card PS5 1TB Seagate,Accesorio,Seagate,PS5,499900,3,15,1274745,4,"Muy buen producto, estoy satisfecho.",2023-03-10,2023-03-15,5,Completado,Tarjeta Crédito
ORD00614,USR050,DoomStalker,doomstalker@hotmail.com,24,Venezuela,Buenos Aires,Premium,PRD015,Forza Horizon 5,Videojuego,Microsoft,Xbox Series X,199900,2,20,319840,2,Decepcionante para el precio pagado.,2024-10-02,2024-10-06,4,Completado,Daviplata
ORD00128,USR011,BladeRunner7,bladerunner7@hotmail.com,18,Venezuela,Medellín,Free,PRD001,The Legend of Zelda: Tears of the Kingdom,Videojuego,Nintendo,Nintendo Switch,299900,2,0,599800,5,"Excelente calidad, llegó en perfecto estado.",2023-09-01,2023-09-11,10,Completado,Tarjeta Crédito
ORD00396,USR033,MegaByteX,megabytex@outlook.com,43,México,Cali,Elite,CON003,Xbox Series X 1TB,Consola,Microsoft,Xbox Series X,1999900,1,0,1999900,5,"¡Increíble, lo mejor que he comprado!",2024-05-29,2024-06-04,6,Completado,PSE
ORD00394,USR033,MegaByteX,megabytex@outlook.com,43,México,Cali,Elite,ACC009,Headset Sony Pulse 3D,Accesorio,Sony,PS5,499900,2,0,999800,2,Decepcionante para el precio pagado.,2023-10-14,2023-10-21,7,Completado,Nequi
ORD00568,USR046,ZephyrX,zephyrx@gmail.com,44,Perú,Buenos Aires,Free,PRD011,Resident Evil 4 Remake,Videojuego,Capcom,PS5,229900,2,0,459800,5,"Top tier, no hay nada mejor en el mercado.",2023-01-06,2023-01-19,13,Completado,Efecty
ORD00427,USR035,OmegaPrime,omegaprime@hotmail.com,28,Venezuela,Caracas,Premium,PRD006,Cyberpunk 2077: Phantom Liberty,Videojuego,CD Projekt Red,PC,149900,3,0,449700,4,"Cumple con lo prometido, buen producto.",2024-10-04,2024-10-07,3,Enviado,Tarjeta Débito
ORD00198,USR018,ZenithGamer,zenithgamer@outlook.com,43,México,Santiago,Free,CON005,Nintendo Switch OLED,Consola,Nintendo,Nintendo Switch,1599900,1,5,1519905,5,"Excelente calidad, llegó en perfecto estado.",2023-02-03,2023-02-13,10,Completado,PSE
ORD00569,USR046,ZephyrX,zephyrx@gmail.com,44,Perú,Buenos Aires,Free,PRD006,Cyberpunk 2077: Phantom Liberty,Videojuego,CD Projekt Red,PC,149900,1,15,127415,4,"Casi perfecto, pequeños detalles pero en general bueno.",2024-01-15,2024-01-17,2,Completado,Efecty
ORD00119,USR010,ArcaneRift,arcanerift@gmail.com,20,Chile,Lima,Free,ACC015,Webcam Elgato Facecam,Accesorio,Elgato,PC,699900,1,15,594915,5,"Top tier, no hay nada mejor en el mercado.",2024-04-20,2024-05-05,15,Completado,Tarjeta Débito
ORD00052,USR005,StarForge,starforge@hotmail.com,18,Chile,Buenos Aires,Premium,PRD006,Cyberpunk 2077: Phantom Liberty,Videojuego,CD Projekt Red,PC,149900,3,5,427215,4,"Cumple con lo prometido, buen producto.",2024-04-17,2024-04-20,3,Completado,Nequi
ORD00494,USR041,UltraViolet,ultraviolet@hotmail.com,32,México,Ciudad de México,Elite,ACC019,Cargador DualSense Sony Station,Accesorio,Sony,PS5,199900,2,20,319840,3,"Ni muy bueno ni muy malo, promedio.",2024-02-29,2024-03-01,1,Procesando,Tarjeta Débito
ORD00266,USR023,ChronoSniper,chronosniper@hotmail.com,28,Perú,Quito,Free,ACC002,Control DualSense PS5 Negro,Accesorio,Sony,PS5,399900,3,5,1139715,5,"Top tier, no hay nada mejor en el mercado.",2023-02-19,2023-02-23,4,Completado,Nequi
ORD00111,USR010,ArcaneRift,arcanerift@gmail.com,20,Chile,Lima,Free,PRD001,The Legend of Zelda: Tears of the Kingdom,Videojuego,Nintendo,Nintendo Switch,299900,3,5,854715,5,"Excelente calidad, llegó en perfecto estado.",2023-02-20,2023-03-07,15,Completado,Nequi
ORD00040,USR004,CyberWolf,cyberwolf@gmail.com,34,Venezuela,Bogotá,Free,CON007,Steam Deck 512GB OLED,Consola,Valve,PC,1799900,1,5,1709905,5,"Top tier, no hay nada mejor en el mercado.",2024-08-12,2024-08-16,4,Completado,Efecty
ORD00597,USR049,CriticalHit,criticalhit@gmail.com,20,Ecuador,Quito,Free,PRD008,Starfield,Videojuego,Bethesda,Xbox Series X,249900,2,15,424830,5,"Absolutamente épico, vale cada peso.",2024-09-12,2024-09-16,4,Completado,PayPal
ORD00384,USR032,LightningRod,lightningrod@hotmail.com,20,Ecuador,Medellín,Free,PRD010,Diablo IV,Videojuego,Blizzard,PC,199900,1,10,179910,3,"Aceptable, tiene sus pros y contras.",2024-04-22,2024-04-28,6,Completado,Nequi
ORD00481,USR040,TurboGhost,turboghost@gmail.com,39,Perú,Quito,Free,PRD008,Starfield,Videojuego,Bethesda,Xbox Series X,249900,2,0,499800,4,"Buen rendimiento, lo usaré por mucho tiempo.",2023-03-06,2023-03-11,5,Completado,Nequi
ORD00271,USR023,ChronoSniper,chronosniper@hotmail.com,28,Perú,Quito,Free,ACC018,Cable HDMI 2.1 8K Belkin,Accesorio,Belkin,Universal,99900,2,10,179820,4,"Casi perfecto, pequeños detalles pero en general bueno.",2023-11-04,2023-11-11,7,Completado,Nequi
ORD00137,USR011,BladeRunner7,bladerunner7@hotmail.com,18,Venezuela,Medellín,Free,PRD006,Cyberpunk 2077: Phantom Liberty,Videojuego,CD Projekt Red,PC,149900,1,20,119920,2,"Le falta calidad, esperaba más.",2023-04-09,2023-04-21,12,Completado,Tarjeta Crédito
ORD00316,USR026,FlameCore,flamecore@hotmail.com,24,México,Buenos Aires,Premium,ACC016,Capturadora Elgato HD60 X,Accesorio,Elgato,Universal,799900,3,15,2039745,4,"Casi perfecto, pequeños detalles pero en general bueno.",2024-10-24,2024-11-03,10,Completado,PSE
ORD00030,USR003,PixelKnight,pixelknight@outlook.com,39,México,Quito,Free,CON003,Xbox Series X 1TB,Consola,Microsoft,Xbox Series X,1999900,1,10,1799910,5,"Excelente calidad, llegó en perfecto estado.",2024-02-14,2024-02-25,11,Cancelado,Tarjeta Crédito
ORD00363,USR030,JadeWarden,jadewarden@outlook.com,33,Perú,Caracas,Premium,ACC006,Control Pro Nintendo Switch,Accesorio,Nintendo,Nintendo Switch,449900,2,15,764830,5,"Top tier, no hay nada mejor en el mercado.",2024-05-28,2024-06-10,13,Completado,Tarjeta Débito
ORD00189,USR017,CodeWarrior,codewarrior@hotmail.com,23,Perú,Medellín,Free,PRD013,Street Fighter 6,Videojuego,Capcom,PS5,249900,1,10,224910,5,"Top tier, no hay nada mejor en el mercado.",2023-02-12,2023-02-18,6,Procesando,Cripto
ORD00213,USR019,EchoStrike,echostrike@gmail.com,30,España,Cali,Free,ACC015,Webcam Elgato Facecam,Accesorio,Elgato,PC,699900,1,5,664905,5,"Absolutamente épico, vale cada peso.",2024-03-02,2024-03-12,10,Completado,Daviplata
ORD00499,USR041,UltraViolet,ultraviolet@hotmail.com,32,México,Ciudad de México,Elite,ACC002,Control DualSense PS5 Negro,Accesorio,Sony,PS5,399900,1,10,359910,3,"Aceptable, tiene sus pros y contras.",2024-09-08,2024-09-20,12,Enviado,PSE
ORD00185,USR017,CodeWarrior,codewarrior@hotmail.com,23,Perú,Medellín,Free,ACC014,Mousepad XL Razer Goliathus Extended,Accesorio,Razer,PC,149900,2,20,239840,5,"¡Increíble, lo mejor que he comprado!",2023-09-17,2023-09-29,12,Completado,PSE
ORD00032,USR004,CyberWolf,cyberwolf@gmail.com,34,Venezuela,Bogotá,Free,ACC012,"Monitor LG UltraGear 27"" 165Hz",Accesorio,LG,PC,1299900,3,15,3314745,3,"Podría ser mejor, pero funciona.",2024-08-13,2024-08-17,4,Completado,Tarjeta Crédito
ORD00328,USR027,GlitchHunter,glitchhunter@outlook.com,44,España,Buenos Aires,Elite,ACC017,Soporte para auriculares Razer Base Station V2,Accesorio,Razer,PC,249900,3,0,749700,5,"Excelente calidad, llegó en perfecto estado.",2024-09-21,2024-10-01,10,Completado,Tarjeta Débito
ORD00465,USR038,RogueAgent,rogueagent@hotmail.com,40,España,Medellín,Free,PRD008,Starfield,Videojuego,Bethesda,Xbox Series X,249900,2,0,499800,5,"Absolutamente épico, vale cada peso.",2023-02-08,2023-02-15,7,Enviado,Tarjeta Crédito
ORD00041,USR004,CyberWolf,cyberwolf@gmail.com,34,Venezuela,Bogotá,Free,PRD016,Halo Infinite,Videojuego,343 Industries,Xbox Series X,149900,1,20,119920,5,"¡Increíble, lo mejor que he comprado!",2023-01-06,2023-01-21,15,Completado,Efecty
ORD00252,USR022,BionicFox,bionicfox@gmail.com,21,Chile,Cali,Premium,ACC014,Mousepad XL Razer Goliathus Extended,Accesorio,Razer,PC,149900,2,5,284810,4,"Buena relación calidad-precio, lo recomiendo.",2023-08-15,2023-08-19,4,Procesando,Cripto
ORD00336,USR028,HexBlade,hexblade@gmail.com,31,Venezuela,Madrid,Free,ACC008,Mouse Logitech G Pro X Superlight,Accesorio,Logitech,PC,549900,1,20,439920,5,Superó todas mis expectativas. 100% recomendado.,2023-04-15,2023-04-27,12,Enviado,Daviplata
ORD00107,USR010,ArcaneRift,arcanerift@gmail.com,20,Chile,Lima,Free,ACC003,Control DualSense Edge,Accesorio,Sony,PS5,749900,3,20,1799760,4,"Casi perfecto, pequeños detalles pero en general bueno.",2023-09-19,2023-09-30,11,Completado,Daviplata
ORD00007,USR001,DarkSlayer99,darkslayer99@gmail.com,36,México,Bogotá,Elite,CON006,Nintendo Switch Lite,Consola,Nintendo,Nintendo Switch Lite,999900,1,10,899910,5,"Top tier, no hay nada mejor en el mercado.",2023-04-22,2023-04-26,4,Completado,PayPal
ORD00037,USR004,CyberWolf,cyberwolf@gmail.com,34,Venezuela,Bogotá,Free,ACC003,Control DualSense Edge,Accesorio,Sony,PS5,749900,2,20,1199840,4,"Buena relación calidad-precio, lo recomiendo.",2023-08-07,2023-08-16,9,Completado,Tarjeta Débito
ORD00368,USR031,KryptoNite,kryptonite@gmail.com,44,Venezuela,Lima,Free,ACC005,Control Xbox Series Rojo,Accesorio,Microsoft,Xbox Series X,349900,2,15,594830,4,"Cumple con lo prometido, buen producto.",2023-09-23,2023-09-26,3,Completado,Tarjeta Débito
ORD00311,USR026,FlameCore,flamecore@hotmail.com,24,México,Buenos Aires,Premium,ACC024,Mouse Razer DeathAdder V3 Pro,Accesorio,Razer,PC,699900,2,10,1259820,4,"Buena relación calidad-precio, lo recomiendo.",2024-07-31,2024-08-04,4,Completado,Tarjeta Crédito
ORD00605,USR050,DoomStalker,doomstalker@hotmail.com,24,Venezuela,Buenos Aires,Premium,PRD007,Baldur's Gate 3,Videojuego,Larian Studios,PC,219900,2,5,417810,5,"Excelente calidad, llegó en perfecto estado.",2023-03-28,2023-04-08,11,Procesando,Nequi
ORD00588,USR048,BurnoutKing,burnoutking@outlook.com,31,México,Quito,Free,PRD008,Starfield,Videojuego,Bethesda,Xbox Series X,249900,3,15,637245,4,"Buena relación calidad-precio, lo recomiendo.",2023-11-20,2023-12-02,12,Completado,Efecty
ORD00026,USR003,PixelKnight,pixelknight@outlook.com,39,México,Quito,Free,ACC013,Silla Gamer Secretlab Titan EVO,Accesorio,Secretlab,Universal,2499900,3,20,5999760,3,Cumple su función pero nada del otro mundo.,2023-08-31,2023-09-14,14,Completado,Efecty
ORD00132,USR011,BladeRunner7,bladerunner7@hotmail.com,18,Venezuela,Medellín,Free,ACC019,Cargador DualSense Sony Station,Accesorio,Sony,PS5,199900,2,0,399800,2,"Le falta calidad, esperaba más.",2023-03-24,2023-03-30,6,Completado,Daviplata
ORD00303,USR025,EpicLancer,epiclancer@gmail.com,42,Colombia,Lima,Premium,PRD006,Cyberpunk 2077: Phantom Liberty,Videojuego,CD Projekt Red,PC,149900,2,20,239840,4,"Casi perfecto, pequeños detalles pero en general bueno.",2024-09-03,2024-09-13,10,Completado,Tarjeta Crédito
ORD00507,USR042,VenomStrike,venomstrike@outlook.com,32,Chile,Cali,Free,CON005,Nintendo Switch OLED,Consola,Nintendo,Nintendo Switch,1599900,1,0,1599900,4,"Muy buen producto, estoy satisfecho.",2024-12-02,2024-12-08,6,Cancelado,Daviplata
ORD00546,USR045,YmirsCall,ymirscall@outlook.com,31,Colombia,Medellín,Free,CON005,Nintendo Switch OLED,Consola,Nintendo,Nintendo Switch,1599900,1,20,1279920,5,"¡Increíble, lo mejor que he comprado!",2024-01-10,2024-01-20,10,Completado,Daviplata
ORD00270,USR023,ChronoSniper,chronosniper@hotmail.com,28,Perú,Quito,Free,ACC009,Headset Sony Pulse 3D,Accesorio,Sony,PS5,499900,2,20,799840,2,Decepcionante para el precio pagado.,2023-12-19,2023-12-30,11,Completado,PSE
ORD00473,USR039,SilverBullet,silverbullet@outlook.com,29,Argentina,Madrid,Free,ACC020,Memory Card PS5 1TB Seagate,Accesorio,Seagate,PS5,499900,3,0,1499700,3,"Aceptable, tiene sus pros y contras.",2023-09-20,2023-10-01,11,Completado,Cripto
ORD00337,USR028,HexBlade,hexblade@gmail.com,31,Venezuela,Madrid,Free,PRD003,Elden Ring,Videojuego,Bandai Namco,PC,199900,2,0,399800,4,"Buena relación calidad-precio, lo recomiendo.",2023-03-31,2023-04-08,8,Enviado,Nequi
ORD00428,USR035,OmegaPrime,omegaprime@hotmail.com,28,Venezuela,Caracas,Premium,PRD006,Cyberpunk 2077: Phantom Liberty,Videojuego,CD Projekt Red,PC,149900,2,10,269820,4,"Casi perfecto, pequeños detalles pero en general bueno.",2024-07-19,2024-07-25,6,Enviado,Tarjeta Crédito
ORD00416,USR035,OmegaPrime,omegaprime@hotmail.com,28,Venezuela,Caracas,Premium,PRD011,Resident Evil 4 Remake,Videojuego,Capcom,PS5,229900,1,10,206910,3,"Ni muy bueno ni muy malo, promedio.",2023-07-30,2023-08-03,4,Completado,Daviplata
ORD00293,USR024,DeltaForce1,deltaforce1@outlook.com,37,España,Bogotá,Free,PRD018,Pokémon Scarlet,Videojuego,Game Freak,Nintendo Switch,249900,1,10,224910,5,"Absolutamente épico, vale cada peso.",2024-12-01,2024-12-16,15,Completado,Tarjeta Crédito
ORD00505,USR041,UltraViolet,ultraviolet@hotmail.com,32,México,Ciudad de México,Elite,ACC022,Auriculares Turtle Beach Stealth 700 Gen2,Accesorio,Turtle Beach,Xbox Series X,549900,3,15,1402245,2,Decepcionante para el precio pagado.,2024-04-08,2024-04-10,2,Completado,Nequi
ORD00596,USR049,CriticalHit,criticalhit@gmail.com,20,Ecuador,Quito,Free,CON004,Xbox Series S 512GB,Consola,Microsoft,Xbox Series S,1299900,1,0,1299900,4,"Muy buen producto, estoy satisfecho.",2024-07-24,2024-08-08,15,Enviado,Efecty
ORD00490,USR041,UltraViolet,ultraviolet@hotmail.com,32,México,Ciudad de México,Elite,CON002,PlayStation 5 Slim Disc,Consola,Sony,PS5,2199900,1,15,1869915,4,"Cumple con lo prometido, buen producto.",2024-09-26,2024-10-06,10,Completado,Cripto
ORD00480,USR040,TurboGhost,turboghost@gmail.com,39,Perú,Quito,Free,ACC023,Teclado Razer BlackWidow V4,Accesorio,Razer,PC,649900,2,0,1299800,5,"Top tier, no hay nada mejor en el mercado.",2024-12-01,2024-12-16,15,Enviado,Cripto
ORD00601,USR049,CriticalHit,criticalhit@gmail.com,20,Ecuador,Quito,Free,CON002,PlayStation 5 Slim Disc,Consola,Sony,PS5,2199900,1,0,2199900,3,"Ni muy bueno ni muy malo, promedio.",2023-11-21,2023-12-02,11,Completado,Efecty
ORD00104,USR009,ShadowByte,shadowbyte@outlook.com,38,Venezuela,Lima,Free,PRD011,Resident Evil 4 Remake,Videojuego,Capcom,PS5,229900,3,0,689700,4,"Cumple con lo prometido, buen producto.",2023-01-30,2023-01-31,1,Completado,PSE
ORD00017,USR002,NeonGhost,neonghost@hotmail.com,24,Chile,Buenos Aires,Free,ACC003,Control DualSense Edge,Accesorio,Sony,PS5,749900,3,10,2024730,5,"Excelente calidad, llegó en perfecto estado.",2023-04-13,2023-04-15,2,Completado,PayPal
ORD00518,USR042,VenomStrike,venomstrike@outlook.com,32,Chile,Cali,Free,ACC007,Teclado Mecánico HyperX Alloy Origins,Accesorio,HyperX,PC,399900,2,0,799800,4,"Buena relación calidad-precio, lo recomiendo.",2024-06-04,2024-06-12,8,Completado,PSE
ORD00067,USR005,StarForge,starforge@hotmail.com,18,Chile,Buenos Aires,Premium,ACC002,Control DualSense PS5 Negro,Accesorio,Sony,PS5,399900,1,0,399900,2,Decepcionante para el precio pagado.,2023-08-15,2023-08-22,7,Completado,PSE
ORD00594,USR049,CriticalHit,criticalhit@gmail.com,20,Ecuador,Quito,Free,ACC024,Mouse Razer DeathAdder V3 Pro,Accesorio,Razer,PC,699900,2,5,1329810,4,"Muy buen producto, estoy satisfecho.",2024-07-29,2024-08-12,14,Completado,PayPal
ORD00554,USR045,YmirsCall,ymirscall@outlook.com,31,Colombia,Medellín,Free,ACC012,"Monitor LG UltraGear 27"" 165Hz",Accesorio,LG,PC,1299900,2,10,2339820,5,Superó todas mis expectativas. 100% recomendado.,2023-06-24,2023-06-28,4,Enviado,PayPal
ORD00579,USR047,AscendedOne,ascendedone@hotmail.com,23,México,Medellín,Elite,ACC017,Soporte para auriculares Razer Base Station V2,Accesorio,Razer,PC,249900,2,0,499800,5,"Top tier, no hay nada mejor en el mercado.",2023-01-29,2023-02-06,8,Completado,Nequi
ORD00268,USR023,ChronoSniper,chronosniper@hotmail.com,28,Perú,Quito,Free,ACC010,Headset SteelSeries Arctis Nova Pro,Accesorio,SteelSeries,PC,899900,3,0,2699700,5,"Absolutamente épico, vale cada peso.",2023-11-25,2023-11-29,4,Completado,Nequi
ORD00050,USR005,StarForge,starforge@hotmail.com,18,Chile,Buenos Aires,Premium,PRD015,Forza Horizon 5,Videojuego,Microsoft,Xbox Series X,199900,2,15,339830,4,"Casi perfecto, pequeños detalles pero en general bueno.",2023-01-30,2023-02-06,7,Completado,PayPal
ORD00057,USR005,StarForge,starforge@hotmail.com,18,Chile,Buenos Aires,Premium,PRD011,Resident Evil 4 Remake,Videojuego,Capcom,PS5,229900,3,0,689700,5,"¡Increíble, lo mejor que he comprado!",2023-04-28,2023-05-11,13,Enviado,Tarjeta Crédito
ORD00434,USR036,PlasmaFist,plasmafist@outlook.com,32,Perú,Quito,Free,PRD009,Final Fantasy XVI,Videojuego,Square Enix,PS5,279900,2,0,559800,5,"Top tier, no hay nada mejor en el mercado.",2024-03-29,2024-04-11,13,Enviado,Tarjeta Débito
ORD00599,USR049,CriticalHit,criticalhit@gmail.com,20,Ecuador,Quito,Free,CON005,Nintendo Switch OLED,Consola,Nintendo,Nintendo Switch,1599900,1,20,1279920,5,Superó todas mis expectativas. 100% recomendado.,2024-04-19,2024-04-30,11,Procesando,PSE
ORD00210,USR019,EchoStrike,echostrike@gmail.com,30,España,Cali,Free,PRD017,Mario Kart 8 Deluxe,Videojuego,Nintendo,Nintendo Switch,229900,1,0,229900,5,"Absolutamente épico, vale cada peso.",2024-07-18,2024-07-23,5,Completado,Tarjeta Débito
ORD00604,USR050,DoomStalker,doomstalker@hotmail.com,24,Venezuela,Buenos Aires,Premium,PRD007,Baldur's Gate 3,Videojuego,Larian Studios,PC,219900,1,20,175920,5,"Top tier, no hay nada mejor en el mercado.",2024-04-29,2024-05-08,9,Completado,Tarjeta Débito
ORD00145,USR012,QuantumAce,quantumace@outlook.com,43,España,Caracas,Free,PRD004,Spider-Man 2,Videojuego,Sony,PS5,279900,1,0,279900,3,"Podría ser mejor, pero funciona.",2024-09-24,2024-09-25,1,Completado,Efecty
ORD00314,USR026,FlameCore,flamecore@hotmail.com,24,México,Buenos Aires,Premium,PRD005,Hogwarts Legacy,Videojuego,WB Games,Xbox Series X,249900,2,10,449820,5,"Top tier, no hay nada mejor en el mercado.",2024-05-05,2024-05-15,10,Completado,Tarjeta Crédito
ORD00508,USR042,VenomStrike,venomstrike@outlook.com,32,Chile,Cali,Free,PRD013,Street Fighter 6,Videojuego,Capcom,PS5,249900,3,15,637245,5,"Excelente calidad, llegó en perfecto estado.",2024-03-29,2024-04-12,14,Completado,Nequi
ORD00527,USR043,WarpZone,warpzone@gmail.com,40,Argentina,Quito,Premium,ACC014,Mousepad XL Razer Goliathus Extended,Accesorio,Razer,PC,149900,1,0,149900,4,"Buen rendimiento, lo usaré por mucho tiempo.",2024-10-25,2024-10-31,6,Procesando,PayPal
ORD00393,USR033,MegaByteX,megabytex@outlook.com,43,México,Cali,Elite,ACC002,Control DualSense PS5 Negro,Accesorio,Sony,PS5,399900,1,0,399900,2,No lo recomendaría al precio que está.,2024-09-26,2024-10-06,10,Completado,Efecty
ORD00517,USR042,VenomStrike,venomstrike@outlook.com,32,Chile,Cali,Free,CON005,Nintendo Switch OLED,Consola,Nintendo,Nintendo Switch,1599900,1,15,1359915,5,"Excelente calidad, llegó en perfecto estado.",2023-04-27,2023-05-04,7,Completado,Tarjeta Crédito
ORD00350,USR028,HexBlade,hexblade@gmail.com,31,Venezuela,Madrid,Free,CON006,Nintendo Switch Lite,Consola,Nintendo,Nintendo Switch Lite,999900,1,15,849915,5,"¡Increíble, lo mejor que he comprado!",2024-12-17,2024-12-30,13,Completado,Tarjeta Débito
ORD00269,USR023,ChronoSniper,chronosniper@hotmail.com,28,Perú,Quito,Free,CON007,Steam Deck 512GB OLED,Consola,Valve,PC,1799900,1,15,1529915,4,"Buena relación calidad-precio, lo recomiendo.",2023-03-04,2023-03-13,9,Procesando,Efecty
ORD00552,USR045,YmirsCall,ymirscall@outlook.com,31,Colombia,Medellín,Free,PRD009,Final Fantasy XVI,Videojuego,Square Enix,PS5,279900,3,0,839700,4,"Buena relación calidad-precio, lo recomiendo.",2024-08-09,2024-08-12,3,Completado,Efecty
ORD00199,USR018,ZenithGamer,zenithgamer@outlook.com,43,México,Santiago,Free,ACC002,Control DualSense PS5 Negro,Accesorio,Sony,PS5,399900,1,15,339915,4,"Cumple con lo prometido, buen producto.",2024-06-26,2024-07-02,6,Completado,Nequi
ORD00452,USR037,QuickScope,quickscope@gmail.com,37,México,Quito,Free,ACC017,Soporte para auriculares Razer Base Station V2,Accesorio,Razer,PC,249900,2,20,399840,5,"Excelente calidad, llegó en perfecto estado.",2023-08-16,2023-08-22,6,Completado,Efecty
ORD00590,USR048,BurnoutKing,burnoutking@outlook.com,31,México,Quito,Free,PRD018,Pokémon Scarlet,Videojuego,Game Freak,Nintendo Switch,249900,2,5,474810,5,Superó todas mis expectativas. 100% recomendado.,2023-12-18,2023-12-24,6,Completado,Efecty
ORD00338,USR028,HexBlade,hexblade@gmail.com,31,Venezuela,Madrid,Free,ACC025,Microfono Blue Yeti GX,Accesorio,Blue,PC,549900,3,15,1402245,4,"Casi perfecto, pequeños detalles pero en general bueno.",2023-12-26,2024-01-09,14,Completado,PayPal
ORD00574,USR046,ZephyrX,zephyrx@gmail.com,44,Perú,Buenos Aires,Free,ACC016,Capturadora Elgato HD60 X,Accesorio,Elgato,Universal,799900,2,15,1359830,4,"Muy buen producto, estoy satisfecho.",2023-07-25,2023-08-03,9,Completado,Tarjeta Débito
ORD00536,USR044,XenoBlade,xenoblade@hotmail.com,45,Colombia,Caracas,Free,ACC003,Control DualSense Edge,Accesorio,Sony,PS5,749900,2,0,1499800,4,"Buen rendimiento, lo usaré por mucho tiempo.",2023-11-09,2023-11-17,8,Completado,Tarjeta Débito
ORD00165,USR014,FrostBane,frostbane@hotmail.com,19,Venezuela,Medellín,Premium,PRD007,Baldur's Gate 3,Videojuego,Larian Studios,PC,219900,3,15,560745,5,"Absolutamente épico, vale cada peso.",2023-10-18,2023-10-23,5,Completado,PayPal
ORD00526,USR043,WarpZone,warpzone@gmail.com,40,Argentina,Quito,Premium,ACC016,Capturadora Elgato HD60 X,Accesorio,Elgato,Universal,799900,1,5,759905,4,"Buen rendimiento, lo usaré por mucho tiempo.",2024-06-30,2024-07-04,4,Completado,Daviplata
ORD00439,USR036,PlasmaFist,plasmafist@outlook.com,32,Perú,Quito,Free,ACC017,Soporte para auriculares Razer Base Station V2,Accesorio,Razer,PC,249900,1,20,199920,3,"Podría ser mejor, pero funciona.",2024-05-15,2024-05-25,10,Completado,PSE
ORD00446,USR036,PlasmaFist,plasmafist@outlook.com,32,Perú,Quito,Free,PRD020,Call of Duty: Modern Warfare III,Videojuego,Activision,PC,249900,3,15,637245,3,"Aceptable, tiene sus pros y contras.",2023-03-07,2023-03-13,6,Devuelto,Daviplata
ORD00608,USR050,DoomStalker,doomstalker@hotmail.com,24,Venezuela,Buenos Aires,Premium,ACC009,Headset Sony Pulse 3D,Accesorio,Sony,PS5,499900,2,10,899820,3,"Podría ser mejor, pero funciona.",2024-12-15,2024-12-24,9,Completado,Efecty
ORD00318,USR026,FlameCore,flamecore@hotmail.com,24,México,Buenos Aires,Premium,ACC002,Control DualSense PS5 Negro,Accesorio,Sony,PS5,399900,2,0,799800,4,"Cumple con lo prometido, buen producto.",2024-11-26,2024-12-06,10,Completado,Tarjeta Crédito
ORD00523,USR042,VenomStrike,venomstrike@outlook.com,32,Chile,Cali,Free,CON007,Steam Deck 512GB OLED,Consola,Valve,PC,1799900,1,0,1799900,4,"Casi perfecto, pequeños detalles pero en general bueno.",2024-10-07,2024-10-14,7,Completado,Tarjeta Débito
ORD00095,USR008,IronPulse,ironpulse@hotmail.com,34,Perú,Bogotá,Free,ACC023,Teclado Razer BlackWidow V4,Accesorio,Razer,PC,649900,2,0,1299800,4,"Cumple con lo prometido, buen producto.",2024-06-03,2024-06-08,5,Enviado,Cripto
ORD00491,USR041,UltraViolet,ultraviolet@hotmail.com,32,México,Ciudad de México,Elite,PRD008,Starfield,Videojuego,Bethesda,Xbox Series X,249900,1,20,199920,5,"Excelente calidad, llegó en perfecto estado.",2023-08-16,2023-08-17,1,Completado,PSE
ORD00195,USR018,ZenithGamer,zenithgamer@outlook.com,43,México,Santiago,Free,ACC002,Control DualSense PS5 Negro,Accesorio,Sony,PS5,399900,1,0,399900,5,"¡Increíble, lo mejor que he comprado!",2023-12-28,2024-01-07,10,Devuelto,Tarjeta Débito
ORD00540,USR044,XenoBlade,xenoblade@hotmail.com,45,Colombia,Caracas,Free,PRD015,Forza Horizon 5,Videojuego,Microsoft,Xbox Series X,199900,3,10,539730,5,"¡Increíble, lo mejor que he comprado!",2023-10-25,2023-10-28,3,Completado,Efecty
ORD00327,USR027,GlitchHunter,glitchhunter@outlook.com,44,España,Buenos Aires,Elite,ACC012,"Monitor LG UltraGear 27"" 165Hz",Accesorio,LG,PC,1299900,2,20,2079840,5,"Top tier, no hay nada mejor en el mercado.",2024-08-24,2024-08-26,2,Completado,PayPal
ORD00398,USR034,NexusRaider,nexusraider@gmail.com,21,Venezuela,Caracas,Free,PRD007,Baldur's Gate 3,Videojuego,Larian Studios,PC,219900,1,15,186915,5,"¡Increíble, lo mejor que he comprado!",2023-09-30,2023-10-09,9,Enviado,Nequi
ORD00001,USR001,DarkSlayer99,darkslayer99@gmail.com,36,México,Bogotá,Elite,ACC019,Cargador DualSense Sony Station,Accesorio,Sony,PS5,199900,2,10,359820,4,"Casi perfecto, pequeños detalles pero en general bueno.",2024-11-18,2024-11-29,11,Completado,Tarjeta Débito
ORD00233,USR021,AlphaWave,alphawave@outlook.com,45,México,Caracas,Elite,ACC009,Headset Sony Pulse 3D,Accesorio,Sony,PS5,499900,2,0,999800,5,"Top tier, no hay nada mejor en el mercado.",2024-05-04,2024-05-13,9,Completado,PSE
ORD00188,USR017,CodeWarrior,codewarrior@hotmail.com,23,Perú,Medellín,Free,ACC014,Mousepad XL Razer Goliathus Extended,Accesorio,Razer,PC,149900,1,5,142405,5,"¡Increíble, lo mejor que he comprado!",2023-03-06,2023-03-18,12,Completado,Daviplata
ORD00575,USR046,ZephyrX,zephyrx@gmail.com,44,Perú,Buenos Aires,Free,ACC009,Headset Sony Pulse 3D,Accesorio,Sony,PS5,499900,2,0,999800,5,"Excelente calidad, llegó en perfecto estado.",2024-07-26,2024-08-10,15,Completado,Nequi
ORD00135,USR011,BladeRunner7,bladerunner7@hotmail.com,18,Venezuela,Medellín,Free,ACC001,Control DualSense PS5 Blanco,Accesorio,Sony,PS5,399900,2,5,759810,5,"Top tier, no hay nada mejor en el mercado.",2024-02-28,2024-03-05,6,Enviado,Tarjeta Débito
ORD00420,USR035,OmegaPrime,omegaprime@hotmail.com,28,Venezuela,Caracas,Premium,PRD020,Call of Duty: Modern Warfare III,Videojuego,Activision,PC,249900,2,10,449820,4,"Casi perfecto, pequeños detalles pero en general bueno.",2024-11-07,2024-11-12,5,Completado,PayPal
ORD00152,USR012,QuantumAce,quantumace@outlook.com,43,España,Caracas,Free,PRD008,Starfield,Videojuego,Bethesda,Xbox Series X,249900,2,10,449820,1,"Terrible producto, perdí mi dinero.",2023-11-29,2023-12-02,3,Completado,PSE
ORD00231,USR020,TitanFall88,titanfall88@hotmail.com,27,Chile,Ciudad de México,Elite,ACC017,Soporte para auriculares Razer Base Station V2,Accesorio,Razer,PC,249900,1,5,237405,2,Tiene fallas que no debería tener.,2024-12-18,2024-12-20,2,Completado,Efecty
ORD00080,USR006,LunaHunter,lunahunter@outlook.com,35,Colombia,Quito,Free,PRD017,Mario Kart 8 Deluxe,Videojuego,Nintendo,Nintendo Switch,229900,3,0,689700,4,"Buena relación calidad-precio, lo recomiendo.",2023-07-22,2023-07-29,7,Completado,Daviplata
ORD00272,USR023,ChronoSniper,chronosniper@hotmail.com,28,Perú,Quito,Free,PRD015,Forza Horizon 5,Videojuego,Microsoft,Xbox Series X,199900,2,0,399800,5,"Absolutamente épico, vale cada peso.",2023-05-28,2023-06-10,13,Completado,Efecty
ORD00036,USR004,CyberWolf,cyberwolf@gmail.com,34,Venezuela,Bogotá,Free,CON006,Nintendo Switch Lite,Consola,Nintendo,Nintendo Switch Lite,999900,1,5,949905,4,"Buen rendimiento, lo usaré por mucho tiempo.",2023-01-01,2023-01-06,5,Completado,PSE
ORD00572,USR046,ZephyrX,zephyrx@gmail.com,44,Perú,Buenos Aires,Free,ACC024,Mouse Razer DeathAdder V3 Pro,Accesorio,Razer,PC,699900,3,15,1784745,4,"Muy buen producto, estoy satisfecho.",2024-12-16,2024-12-20,4,Completado,PSE
ORD00284,USR024,DeltaForce1,deltaforce1@outlook.com,37,España,Bogotá,Free,PRD005,Hogwarts Legacy,Videojuego,WB Games,Xbox Series X,249900,3,15,637245,2,"Le falta calidad, esperaba más.",2023-01-07,2023-01-14,7,Completado,Tarjeta Débito
ORD00441,USR036,PlasmaFist,plasmafist@outlook.com,32,Perú,Quito,Free,CON005,Nintendo Switch OLED,Consola,Nintendo,Nintendo Switch,1599900,1,20,1279920,2,"Le falta calidad, esperaba más.",2024-08-08,2024-08-21,13,Cancelado,Nequi
ORD00307,USR025,EpicLancer,epiclancer@gmail.com,42,Colombia,Lima,Premium,ACC012,"Monitor LG UltraGear 27"" 165Hz",Accesorio,LG,PC,1299900,3,5,3704715,3,"Aceptable, tiene sus pros y contras.",2023-04-20,2023-04-23,3,Completado,Efecty
ORD00426,USR035,OmegaPrime,omegaprime@hotmail.com,28,Venezuela,Caracas,Premium,PRD008,Starfield,Videojuego,Bethesda,Xbox Series X,249900,2,0,499800,3,"Regular, esperaba algo mejor.",2023-06-21,2023-06-25,4,Enviado,Efecty
ORD00531,USR044,XenoBlade,xenoblade@hotmail.com,45,Colombia,Caracas,Free,ACC015,Webcam Elgato Facecam,Accesorio,Elgato,PC,699900,3,0,2099700,2,Decepcionante para el precio pagado.,2024-11-18,2024-11-20,2,Completado,Cripto
ORD00141,USR012,QuantumAce,quantumace@outlook.com,43,España,Caracas,Free,ACC009,Headset Sony Pulse 3D,Accesorio,Sony,PS5,499900,3,15,1274745,5,"Excelente calidad, llegó en perfecto estado.",2024-10-20,2024-10-29,9,Completado,Tarjeta Crédito
ORD00240,USR021,AlphaWave,alphawave@outlook.com,45,México,Caracas,Elite,ACC013,Silla Gamer Secretlab Titan EVO,Accesorio,Secretlab,Universal,2499900,3,10,6749730,4,"Buena relación calidad-precio, lo recomiendo.",2023-09-06,2023-09-07,1,Completado,Nequi
ORD00375,USR032,LightningRod,lightningrod@hotmail.com,20,Ecuador,Medellín,Free,ACC003,Control DualSense Edge,Accesorio,Sony,PS5,749900,2,5,1424810,5,"¡Increíble, lo mejor que he comprado!",2023-11-15,2023-11-21,6,Completado,PSE
ORD00166,USR014,FrostBane,frostbane@hotmail.com,19,Venezuela,Medellín,Premium,CON002,PlayStation 5 Slim Disc,Consola,Sony,PS5,2199900,1,0,2199900,2,No lo recomendaría al precio que está.,2024-11-10,2024-11-13,3,Procesando,PayPal
ORD00179,USR016,RedPhoenix,redphoenix@gmail.com,38,México,Bogotá,Elite,ACC004,Control Xbox Elite Series 2,Accesorio,Microsoft,Xbox Series X,749900,3,0,2249700,5,"¡Increíble, lo mejor que he comprado!",2024-12-23,2024-12-31,8,Completado,Tarjeta Crédito
ORD00602,USR050,DoomStalker,doomstalker@hotmail.com,24,Venezuela,Buenos Aires,Premium,ACC002,Control DualSense PS5 Negro,Accesorio,Sony,PS5,399900,2,0,799800,5,"¡Increíble, lo mejor que he comprado!",2024-06-17,2024-06-25,8,Completado,PayPal
ORD00096,USR009,ShadowByte,shadowbyte@outlook.com,38,Venezuela,Lima,Free,ACC002,Control DualSense PS5 Negro,Accesorio,Sony,PS5,399900,3,5,1139715,4,"Casi perfecto, pequeños detalles pero en general bueno.",2023-12-07,2023-12-16,9,Completado,PSE
ORD00291,USR024,DeltaForce1,deltaforce1@outlook.com,37,España,Bogotá,Free,ACC009,Headset Sony Pulse 3D,Accesorio,Sony,PS5,499900,2,5,949810,2,No lo recomendaría al precio que está.,2023-01-10,2023-01-22,12,Completado,PSE
ORD00098,USR009,ShadowByte,shadowbyte@outlook.com,38,Venezuela,Lima,Free,ACC021,Funda Nintendo Switch Hori,Accesorio,Hori,Nintendo Switch,89900,2,20,143840,5,Superó todas mis expectativas. 100% recomendado.,2024-01-26,2024-02-02,7,Devuelto,Cripto
ORD00251,USR022,BionicFox,bionicfox@gmail.com,21,Chile,Cali,Premium,ACC016,Capturadora Elgato HD60 X,Accesorio,Elgato,Universal,799900,1,15,679915,4,"Cumple con lo prometido, buen producto.",2023-06-13,2023-06-20,7,Completado,Tarjeta Débito
ORD00357,USR030,JadeWarden,jadewarden@outlook.com,33,Perú,Caracas,Premium,ACC024,Mouse Razer DeathAdder V3 Pro,Accesorio,Razer,PC,699900,1,10,629910,3,"Ni muy bueno ni muy malo, promedio.",2024-10-22,2024-10-24,2,Completado,Daviplata
ORD00278,USR024,DeltaForce1,deltaforce1@outlook.com,37,España,Bogotá,Free,ACC003,Control DualSense Edge,Accesorio,Sony,PS5,749900,3,5,2137215,5,"Top tier, no hay nada mejor en el mercado.",2023-11-12,2023-11-17,5,Completado,Tarjeta Débito
ORD00151,USR012,QuantumAce,quantumace@outlook.com,43,España,Caracas,Free,PRD002,God of War Ragnarök,Videojuego,Sony,PS5,279900,2,5,531810,5,"Top tier, no hay nada mejor en el mercado.",2023-11-17,2023-11-27,10,Completado,Daviplata
ORD00287,USR024,DeltaForce1,deltaforce1@outlook.com,37,España,Bogotá,Free,ACC008,Mouse Logitech G Pro X Superlight,Accesorio,Logitech,PC,549900,2,0,1099800,1,"Muy mala experiencia, no lo recomiendo.",2024-12-15,2024-12-26,11,Completado,Tarjeta Débito
ORD00492,USR041,UltraViolet,ultraviolet@hotmail.com,32,México,Ciudad de México,Elite,ACC018,Cable HDMI 2.1 8K Belkin,Accesorio,Belkin,Universal,99900,1,15,84915,2,No lo recomendaría al precio que está.,2023-06-18,2023-06-26,8,Completado,Tarjeta Débito
ORD00362,USR030,JadeWarden,jadewarden@outlook.com,33,Perú,Caracas,Premium,ACC023,Teclado Razer BlackWidow V4,Accesorio,Razer,PC,649900,1,0,649900,1,"Muy mala experiencia, no lo recomiendo.",2023-03-11,2023-03-12,1,Completado,Efecty
ORD00524,USR043,WarpZone,warpzone@gmail.com,40,Argentina,Quito,Premium,ACC015,Webcam Elgato Facecam,Accesorio,Elgato,PC,699900,3,0,2099700,5,"Excelente calidad, llegó en perfecto estado.",2024-08-22,2024-08-23,1,Completado,Tarjeta Débito
ORD00021,USR003,PixelKnight,pixelknight@outlook.com,39,México,Quito,Free,ACC017,Soporte para auriculares Razer Base Station V2,Accesorio,Razer,PC,249900,3,20,599760,5,"¡Increíble, lo mejor que he comprado!",2024-06-01,2024-06-09,8,Completado,Tarjeta Débito
ORD00461,USR038,RogueAgent,rogueagent@hotmail.com,40,España,Medellín,Free,ACC014,Mousepad XL Razer Goliathus Extended,Accesorio,Razer,PC,149900,3,0,449700,3,"Regular, esperaba algo mejor.",2024-12-11,2024-12-26,15,Completado,Efecty
ORD00589,USR048,BurnoutKing,burnoutking@outlook.com,31,México,Quito,Free,ACC011,Headset HyperX Cloud III,Accesorio,HyperX,PC,449900,1,10,404910,4,"Cumple con lo prometido, buen producto.",2024-09-19,2024-10-03,14,Completado,Nequi
ORD00069,USR005,StarForge,starforge@hotmail.com,18,Chile,Buenos Aires,Premium,PRD020,Call of Duty: Modern Warfare III,Videojuego,Activision,PC,249900,2,10,449820,3,Cumple su función pero nada del otro mundo.,2023-07-17,2023-07-23,6,Completado,Nequi
ORD00371,USR031,KryptoNite,kryptonite@gmail.com,44,Venezuela,Lima,Free,PRD017,Mario Kart 8 Deluxe,Videojuego,Nintendo,Nintendo Switch,229900,1,15,195415,5,"Absolutamente épico, vale cada peso.",2024-11-21,2024-12-03,12,Completado,Tarjeta Crédito
ORD00184,USR017,CodeWarrior,codewarrior@hotmail.com,23,Perú,Medellín,Free,ACC007,Teclado Mecánico HyperX Alloy Origins,Accesorio,HyperX,PC,399900,3,20,959760,4,"Casi perfecto, pequeños detalles pero en general bueno.",2024-06-03,2024-06-12,9,Completado,Tarjeta Crédito
ORD00194,USR018,ZenithGamer,zenithgamer@outlook.com,43,México,Santiago,Free,ACC016,Capturadora Elgato HD60 X,Accesorio,Elgato,Universal,799900,2,15,1359830,4,"Casi perfecto, pequeños detalles pero en general bueno.",2024-09-09,2024-09-21,12,Completado,PSE
ORD00353,USR029,IceCrawler,icecrawler@hotmail.com,24,Argentina,Buenos Aires,Elite,PRD006,Cyberpunk 2077: Phantom Liberty,Videojuego,CD Projekt Red,PC,149900,3,0,449700,5,Superó todas mis expectativas. 100% recomendado.,2023-04-16,2023-04-22,6,Completado,Efecty
ORD00011,USR001,DarkSlayer99,darkslayer99@gmail.com,36,México,Bogotá,Elite,PRD001,The Legend of Zelda: Tears of the Kingdom,Videojuego,Nintendo,Nintendo Switch,299900,2,15,509830,4,"Buen rendimiento, lo usaré por mucho tiempo.",2024-04-10,2024-04-15,5,Completado,Cripto
ORD00099,USR009,ShadowByte,shadowbyte@outlook.com,38,Venezuela,Lima,Free,PRD003,Elden Ring,Videojuego,Bandai Namco,PC,199900,1,20,159920,4,"Casi perfecto, pequeños detalles pero en general bueno.",2024-08-27,2024-09-02,6,Enviado,Tarjeta Débito
ORD00376,USR032,LightningRod,lightningrod@hotmail.com,20,Ecuador,Medellín,Free,PRD013,Street Fighter 6,Videojuego,Capcom,PS5,249900,2,5,474810,4,"Cumple con lo prometido, buen producto.",2023-11-08,2023-11-20,12,Completado,Cripto
ORD00225,USR020,TitanFall88,titanfall88@hotmail.com,27,Chile,Ciudad de México,Elite,ACC012,"Monitor LG UltraGear 27"" 165Hz",Accesorio,LG,PC,1299900,3,15,3314745,4,"Cumple con lo prometido, buen producto.",2023-02-11,2023-02-12,1,Completado,Cripto
ORD00457,USR037,QuickScope,quickscope@gmail.com,37,México,Quito,Free,ACC019,Cargador DualSense Sony Station,Accesorio,Sony,PS5,199900,1,0,199900,5,"Excelente calidad, llegó en perfecto estado.",2024-05-14,2024-05-20,6,Completado,Tarjeta Crédito
ORD00413,USR035,OmegaPrime,omegaprime@hotmail.com,28,Venezuela,Caracas,Premium,ACC002,Control DualSense PS5 Negro,Accesorio,Sony,PS5,399900,1,0,399900,5,"¡Increíble, lo mejor que he comprado!",2023-02-04,2023-02-09,5,Completado,Tarjeta Débito
ORD00178,USR016,RedPhoenix,redphoenix@gmail.com,38,México,Bogotá,Elite,CON001,PlayStation 5 Slim Digital,Consola,Sony,PS5,1899900,1,0,1899900,5,"¡Increíble, lo mejor que he comprado!",2024-10-27,2024-11-02,6,Completado,Daviplata
ORD00388,USR032,LightningRod,lightningrod@hotmail.com,20,Ecuador,Medellín,Free,PRD007,Baldur's Gate 3,Videojuego,Larian Studios,PC,219900,2,20,351840,3,Cumple su función pero nada del otro mundo.,2023-05-24,2023-05-26,2,Completado,PayPal
ORD00509,USR042,VenomStrike,venomstrike@outlook.com,32,Chile,Cali,Free,ACC023,Teclado Razer BlackWidow V4,Accesorio,Razer,PC,649900,3,15,1657245,5,"¡Increíble, lo mejor que he comprado!",2023-10-29,2023-11-06,8,Completado,PayPal
ORD00404,USR034,NexusRaider,nexusraider@gmail.com,21,Venezuela,Caracas,Free,PRD005,Hogwarts Legacy,Videojuego,WB Games,Xbox Series X,249900,2,0,499800,5,"Excelente calidad, llegó en perfecto estado.",2024-11-09,2024-11-16,7,Completado,PSE
ORD00286,USR024,DeltaForce1,deltaforce1@outlook.com,37,España,Bogotá,Free,ACC016,Capturadora Elgato HD60 X,Accesorio,Elgato,Universal,799900,2,0,1599800,1,"Pésima calidad, no sirve.",2024-06-28,2024-07-07,9,Completado,Daviplata
ORD00544,USR044,XenoBlade,xenoblade@hotmail.com,45,Colombia,Caracas,Free,ACC016,Capturadora Elgato HD60 X,Accesorio,Elgato,Universal,799900,1,5,759905,4,"Muy buen producto, estoy satisfecho.",2024-01-05,2024-01-12,7,Completado,Tarjeta Crédito
ORD00120,USR010,ArcaneRift,arcanerift@gmail.com,20,Chile,Lima,Free,PRD009,Final Fantasy XVI,Videojuego,Square Enix,PS5,279900,1,0,279900,5,"Absolutamente épico, vale cada peso.",2023-11-08,2023-11-16,8,Completado,PayPal
ORD00250,USR022,BionicFox,bionicfox@gmail.com,21,Chile,Cali,Premium,CON002,PlayStation 5 Slim Disc,Consola,Sony,PS5,2199900,1,0,2199900,4,"Buena relación calidad-precio, lo recomiendo.",2024-08-09,2024-08-10,1,Completado,Tarjeta Crédito
ORD00065,USR005,StarForge,starforge@hotmail.com,18,Chile,Buenos Aires,Premium,ACC005,Control Xbox Series Rojo,Accesorio,Microsoft,Xbox Series X,349900,1,10,314910,4,"Cumple con lo prometido, buen producto.",2023-09-22,2023-09-28,6,Completado,Tarjeta Crédito
ORD00055,USR005,StarForge,starforge@hotmail.com,18,Chile,Buenos Aires,Premium,ACC023,Teclado Razer BlackWidow V4,Accesorio,Razer,PC,649900,3,0,1949700,2,Decepcionante para el precio pagado.,2023-02-01,2023-02-05,4,Completado,PayPal
ORD00525,USR043,WarpZone,warpzone@gmail.com,40,Argentina,Quito,Premium,PRD019,Dead Space Remake,Videojuego,EA,PS5,229900,3,5,655215,4,"Casi perfecto, pequeños detalles pero en general bueno.",2023-03-30,2023-04-04,5,Completado,Efecty
ORD00275,USR023,ChronoSniper,chronosniper@hotmail.com,28,Perú,Quito,Free,PRD005,Hogwarts Legacy,Videojuego,WB Games,Xbox Series X,249900,1,0,249900,5,"Top tier, no hay nada mejor en el mercado.",2024-08-24,2024-09-05,12,Completado,Nequi
ORD00360,USR030,JadeWarden,jadewarden@outlook.com,33,Perú,Caracas,Premium,PRD008,Starfield,Videojuego,Bethesda,Xbox Series X,249900,1,0,249900,4,"Cumple con lo prometido, buen producto.",2024-08-31,2024-09-02,2,Completado,PSE
ORD00079,USR006,LunaHunter,lunahunter@outlook.com,35,Colombia,Quito,Free,PRD019,Dead Space Remake,Videojuego,EA,PS5,229900,1,5,218405,3,"Regular, esperaba algo mejor.",2024-12-24,2024-12-29,5,Completado,Nequi
ORD00613,USR050,DoomStalker,doomstalker@hotmail.com,24,Venezuela,Buenos Aires,Premium,CON007,Steam Deck 512GB OLED,Consola,Valve,PC,1799900,1,15,1529915,5,"Top tier, no hay nada mejor en el mercado.",2024-03-23,2024-03-30,7,Completado,Efecty
ORD00183,USR016,RedPhoenix,redphoenix@gmail.com,38,México,Bogotá,Elite,ACC001,Control DualSense PS5 Blanco,Accesorio,Sony,PS5,399900,1,15,339915,5,"¡Increíble, lo mejor que he comprado!",2023-09-04,2023-09-14,10,Completado,PSE
ORD00031,USR003,PixelKnight,pixelknight@outlook.com,39,México,Quito,Free,PRD008,Starfield,Videojuego,Bethesda,Xbox Series X,249900,2,5,474810,3,"Aceptable, tiene sus pros y contras.",2023-09-29,2023-09-30,1,Completado,PSE
ORD00062,USR005,StarForge,starforge@hotmail.com,18,Chile,Buenos Aires,Premium,ACC001,Control DualSense PS5 Blanco,Accesorio,Sony,PS5,399900,1,10,359910,5,"Top tier, no hay nada mejor en el mercado.",2024-10-28,2024-11-02,5,Completado,Cripto
ORD00347,USR028,HexBlade,hexblade@gmail.com,31,Venezuela,Madrid,Free,ACC010,Headset SteelSeries Arctis Nova Pro,Accesorio,SteelSeries,PC,899900,2,0,1799800,5,"Top tier, no hay nada mejor en el mercado.",2024-11-29,2024-12-12,13,Completado,Tarjeta Crédito
ORD00094,USR008,IronPulse,ironpulse@hotmail.com,34,Perú,Bogotá,Free,ACC009,Headset Sony Pulse 3D,Accesorio,Sony,PS5,499900,1,0,499900,4,"Muy buen producto, estoy satisfecho.",2024-09-05,2024-09-14,9,Completado,Daviplata
ORD00512,USR042,VenomStrike,venomstrike@outlook.com,32,Chile,Cali,Free,CON001,PlayStation 5 Slim Digital,Consola,Sony,PS5,1899900,1,0,1899900,4,"Casi perfecto, pequeños detalles pero en general bueno.",2024-10-02,2024-10-12,10,Enviado,PSE
ORD00162,USR014,FrostBane,frostbane@hotmail.com,19,Venezuela,Medellín,Premium,PRD007,Baldur's Gate 3,Videojuego,Larian Studios,PC,219900,2,0,439800,5,Superó todas mis expectativas. 100% recomendado.,2023-03-28,2023-04-06,9,Completado,Cripto
ORD00558,USR045,YmirsCall,ymirscall@outlook.com,31,Colombia,Medellín,Free,PRD006,Cyberpunk 2077: Phantom Liberty,Videojuego,CD Projekt Red,PC,149900,2,20,239840,5,"Top tier, no hay nada mejor en el mercado.",2024-09-09,2024-09-18,9,Enviado,Efecty
ORD00092,USR008,IronPulse,ironpulse@hotmail.com,34,Perú,Bogotá,Free,PRD006,Cyberpunk 2077: Phantom Liberty,Videojuego,CD Projekt Red,PC,149900,1,15,127415,5,Superó todas mis expectativas. 100% recomendado.,2023-04-27,2023-05-05,8,Procesando,Cripto
ORD00576,USR047,AscendedOne,ascendedone@hotmail.com,23,México,Medellín,Elite,ACC003,Control DualSense Edge,Accesorio,Sony,PS5,749900,2,0,1499800,4,"Buen rendimiento, lo usaré por mucho tiempo.",2023-09-25,2023-09-28,3,Completado,Tarjeta Débito
ORD00159,USR013,StormCaster,stormcaster@gmail.com,41,Colombia,Madrid,Premium,CON003,Xbox Series X 1TB,Consola,Microsoft,Xbox Series X,1999900,1,0,1999900,4,"Cumple con lo prometido, buen producto.",2023-11-14,2023-11-22,8,Completado,Daviplata
ORD00487,USR041,UltraViolet,ultraviolet@hotmail.com,32,México,Ciudad de México,Elite,ACC002,Control DualSense PS5 Negro,Accesorio,Sony,PS5,399900,2,0,799800,3,"Podría ser mejor, pero funciona.",2024-05-24,2024-06-05,12,Completado,Efecty
ORD00543,USR044,XenoBlade,xenoblade@hotmail.com,45,Colombia,Caracas,Free,CON003,Xbox Series X 1TB,Consola,Microsoft,Xbox Series X,1999900,1,0,1999900,2,"Le falta calidad, esperaba más.",2024-05-14,2024-05-18,4,Completado,Tarjeta Crédito
ORD00010,USR001,DarkSlayer99,darkslayer99@gmail.com,36,México,Bogotá,Elite,CON007,Steam Deck 512GB OLED,Consola,Valve,PC,1799900,1,0,1799900,4,"Buena relación calidad-precio, lo recomiendo.",2023-08-07,2023-08-21,14,Completado,Efecty
ORD00249,USR022,BionicFox,bionicfox@gmail.com,21,Chile,Cali,Premium,PRD009,Final Fantasy XVI,Videojuego,Square Enix,PS5,279900,2,0,559800,4,"Casi perfecto, pequeños detalles pero en general bueno.",2023-09-12,2023-09-13,1,Completado,Daviplata
ORD00406,USR034,NexusRaider,nexusraider@gmail.com,21,Venezuela,Caracas,Free,ACC019,Cargador DualSense Sony Station,Accesorio,Sony,PS5,199900,3,15,509745,5,"Absolutamente épico, vale cada peso.",2024-09-20,2024-10-03,13,Completado,PayPal
ORD00123,USR011,BladeRunner7,bladerunner7@hotmail.com,18,Venezuela,Medellín,Free,PRD014,Mortal Kombat 1,Videojuego,NetherRealm,Xbox Series X,249900,2,15,424830,4,"Cumple con lo prometido, buen producto.",2023-08-30,2023-09-13,14,Completado,PSE
ORD00283,USR024,DeltaForce1,deltaforce1@outlook.com,37,España,Bogotá,Free,PRD009,Final Fantasy XVI,Videojuego,Square Enix,PS5,279900,3,15,713745,4,"Muy buen producto, estoy satisfecho.",2023-07-08,2023-07-23,15,Enviado,Tarjeta Crédito
ORD00172,USR015,NightOwl42,nightowl42@outlook.com,25,España,Caracas,Free,ACC002,Control DualSense PS5 Negro,Accesorio,Sony,PS5,399900,3,0,1199700,4,"Casi perfecto, pequeños detalles pero en general bueno.",2024-04-04,2024-04-08,4,Completado,Nequi
ORD00583,USR047,AscendedOne,ascendedone@hotmail.com,23,México,Medellín,Elite,ACC005,Control Xbox Series Rojo,Accesorio,Microsoft,Xbox Series X,349900,3,0,1049700,3,Cumple su función pero nada del otro mundo.,2023-09-05,2023-09-19,14,Completado,Nequi
ORD00333,USR028,HexBlade,hexblade@gmail.com,31,Venezuela,Madrid,Free,ACC019,Cargador DualSense Sony Station,Accesorio,Sony,PS5,199900,2,20,319840,4,"Buena relación calidad-precio, lo recomiendo.",2023-03-26,2023-04-05,10,Completado,Daviplata
ORD00445,USR036,PlasmaFist,plasmafist@outlook.com,32,Perú,Quito,Free,ACC011,Headset HyperX Cloud III,Accesorio,HyperX,PC,449900,1,10,404910,1,"Pésima calidad, no sirve.",2024-11-09,2024-11-23,14,Enviado,Daviplata
ORD00242,USR021,AlphaWave,alphawave@outlook.com,45,México,Caracas,Elite,CON007,Steam Deck 512GB OLED,Consola,Valve,PC,1799900,1,20,1439920,5,"Excelente calidad, llegó en perfecto estado.",2024-05-02,2024-05-10,8,Completado,PSE
ORD00116,USR010,ArcaneRift,arcanerift@gmail.com,20,Chile,Lima,Free,ACC003,Control DualSense Edge,Accesorio,Sony,PS5,749900,1,15,637415,3,"Podría ser mejor, pero funciona.",2023-08-20,2023-09-03,14,Completado,PSE
ORD00224,USR020,TitanFall88,titanfall88@hotmail.com,27,Chile,Ciudad de México,Elite,PRD009,Final Fantasy XVI,Videojuego,Square Enix,PS5,279900,1,20,223920,4,"Buena relación calidad-precio, lo recomiendo.",2023-12-14,2023-12-23,9,Procesando,Nequi
ORD00054,USR005,StarForge,starforge@hotmail.com,18,Chile,Buenos Aires,Premium,PRD006,Cyberpunk 2077: Phantom Liberty,Videojuego,CD Projekt Red,PC,149900,2,0,299800,1,"Llegó con daños, pésimo empaque.",2024-07-06,2024-07-07,1,Devuelto,Tarjeta Débito
ORD00370,USR031,KryptoNite,kryptonite@gmail.com,44,Venezuela,Lima,Free,ACC005,Control Xbox Series Rojo,Accesorio,Microsoft,Xbox Series X,349900,2,0,699800,4,"Cumple con lo prometido, buen producto.",2023-02-26,2023-03-06,8,Enviado,PayPal
ORD00553,USR045,YmirsCall,ymirscall@outlook.com,31,Colombia,Medellín,Free,ACC012,"Monitor LG UltraGear 27"" 165Hz",Accesorio,LG,PC,1299900,3,0,3899700,5,Superó todas mis expectativas. 100% recomendado.,2024-11-08,2024-11-22,14,Completado,Cripto
ORD00306,USR025,EpicLancer,epiclancer@gmail.com,42,Colombia,Lima,Premium,ACC001,Control DualSense PS5 Blanco,Accesorio,Sony,PS5,399900,2,0,799800,4,"Buena relación calidad-precio, lo recomiendo.",2024-05-10,2024-05-23,13,Completado,Cripto
ORD00493,USR041,UltraViolet,ultraviolet@hotmail.com,32,México,Ciudad de México,Elite,PRD017,Mario Kart 8 Deluxe,Videojuego,Nintendo,Nintendo Switch,229900,3,0,689700,3,"Podría ser mejor, pero funciona.",2023-05-04,2023-05-19,15,Enviado,Nequi
ORD00260,USR022,BionicFox,bionicfox@gmail.com,21,Chile,Cali,Premium,PRD003,Elden Ring,Videojuego,Bandai Namco,PC,199900,2,15,339830,4,"Casi perfecto, pequeños detalles pero en general bueno.",2023-05-19,2023-06-01,13,Completado,PSE
ORD00126,USR011,BladeRunner7,bladerunner7@hotmail.com,18,Venezuela,Medellín,Free,ACC011,Headset HyperX Cloud III,Accesorio,HyperX,PC,449900,1,20,359920,5,"Absolutamente épico, vale cada peso.",2023-08-27,2023-09-02,6,Completado,Tarjeta Crédito
ORD00550,USR045,YmirsCall,ymirscall@outlook.com,31,Colombia,Medellín,Free,ACC016,Capturadora Elgato HD60 X,Accesorio,Elgato,Universal,799900,1,15,679915,4,"Casi perfecto, pequeños detalles pero en general bueno.",2023-12-05,2023-12-17,12,Completado,Cripto
ORD00044,USR004,CyberWolf,cyberwolf@gmail.com,34,Venezuela,Bogotá,Free,ACC013,Silla Gamer Secretlab Titan EVO,Accesorio,Secretlab,Universal,2499900,3,5,7124715,5,Superó todas mis expectativas. 100% recomendado.,2024-03-12,2024-03-26,14,Enviado,Cripto
ORD00163,USR014,FrostBane,frostbane@hotmail.com,19,Venezuela,Medellín,Premium,ACC002,Control DualSense PS5 Negro,Accesorio,Sony,PS5,399900,3,0,1199700,4,"Casi perfecto, pequeños detalles pero en general bueno.",2023-06-12,2023-06-18,6,Completado,Efecty
ORD00331,USR027,GlitchHunter,glitchhunter@outlook.com,44,España,Buenos Aires,Elite,ACC005,Control Xbox Series Rojo,Accesorio,Microsoft,Xbox Series X,349900,2,0,699800,3,"Aceptable, tiene sus pros y contras.",2023-11-19,2023-12-03,14,Completado,Tarjeta Crédito
ORD00578,USR047,AscendedOne,ascendedone@hotmail.com,23,México,Medellín,Elite,ACC018,Cable HDMI 2.1 8K Belkin,Accesorio,Belkin,Universal,99900,2,20,159840,5,"Excelente calidad, llegó en perfecto estado.",2024-07-30,2024-08-07,8,Completado,Cripto
ORD00399,USR034,NexusRaider,nexusraider@gmail.com,21,Venezuela,Caracas,Free,ACC010,Headset SteelSeries Arctis Nova Pro,Accesorio,SteelSeries,PC,899900,2,0,1799800,4,"Cumple con lo prometido, buen producto.",2023-06-27,2023-06-30,3,Completado,Tarjeta Crédito
ORD00485,USR040,TurboGhost,turboghost@gmail.com,39,Perú,Quito,Free,ACC022,Auriculares Turtle Beach Stealth 700 Gen2,Accesorio,Turtle Beach,Xbox Series X,549900,2,0,1099800,4,"Buen rendimiento, lo usaré por mucho tiempo.",2023-12-05,2023-12-10,5,Completado,Efecty
ORD00214,USR019,EchoStrike,echostrike@gmail.com,30,España,Cali,Free,ACC015,Webcam Elgato Facecam,Accesorio,Elgato,PC,699900,2,0,1399800,4,"Muy buen producto, estoy satisfecho.",2024-12-02,2024-12-09,7,Completado,PayPal
ORD00534,USR044,XenoBlade,xenoblade@hotmail.com,45,Colombia,Caracas,Free,ACC010,Headset SteelSeries Arctis Nova Pro,Accesorio,SteelSeries,PC,899900,3,0,2699700,4,"Buena relación calidad-precio, lo recomiendo.",2023-11-20,2023-11-27,7,Completado,Nequi
ORD00097,USR009,ShadowByte,shadowbyte@outlook.com,38,Venezuela,Lima,Free,PRD013,Street Fighter 6,Videojuego,Capcom,PS5,249900,3,5,712215,3,"Regular, esperaba algo mejor.",2024-01-28,2024-02-01,4,Enviado,PSE
ORD00472,USR039,SilverBullet,silverbullet@outlook.com,29,Argentina,Madrid,Free,ACC016,Capturadora Elgato HD60 X,Accesorio,Elgato,Universal,799900,1,0,799900,5,"Absolutamente épico, vale cada peso.",2024-08-10,2024-08-21,11,Completado,Tarjeta Débito
ORD00204,USR019,EchoStrike,echostrike@gmail.com,30,España,Cali,Free,PRD008,Starfield,Videojuego,Bethesda,Xbox Series X,249900,1,0,249900,5,"Absolutamente épico, vale cada peso.",2023-08-31,2023-09-13,13,Completado,PSE
ORD00035,USR004,CyberWolf,cyberwolf@gmail.com,34,Venezuela,Bogotá,Free,ACC018,Cable HDMI 2.1 8K Belkin,Accesorio,Belkin,Universal,99900,2,5,189810,4,"Buena relación calidad-precio, lo recomiendo.",2023-07-16,2023-07-23,7,Completado,Daviplata
ORD00254,USR022,BionicFox,bionicfox@gmail.com,21,Chile,Cali,Premium,ACC022,Auriculares Turtle Beach Stealth 700 Gen2,Accesorio,Turtle Beach,Xbox Series X,549900,1,10,494910,5,"Top tier, no hay nada mejor en el mercado.",2024-09-02,2024-09-16,14,Completado,PSE
ORD00454,USR037,QuickScope,quickscope@gmail.com,37,México,Quito,Free,ACC014,Mousepad XL Razer Goliathus Extended,Accesorio,Razer,PC,149900,3,0,449700,4,"Buen rendimiento, lo usaré por mucho tiempo.",2024-09-27,2024-09-29,2,Completado,Tarjeta Débito
ORD00395,USR033,MegaByteX,megabytex@outlook.com,43,México,Cali,Elite,ACC014,Mousepad XL Razer Goliathus Extended,Accesorio,Razer,PC,149900,3,5,427215,5,"Absolutamente épico, vale cada peso.",2024-01-27,2024-02-09,13,Completado,Cripto
ORD00255,USR022,BionicFox,bionicfox@gmail.com,21,Chile,Cali,Premium,PRD005,Hogwarts Legacy,Videojuego,WB Games,Xbox Series X,249900,3,10,674730,3,"Ni muy bueno ni muy malo, promedio.",2024-07-14,2024-07-29,15,Completado,PayPal
ORD00125,USR011,BladeRunner7,bladerunner7@hotmail.com,18,Venezuela,Medellín,Free,PRD004,Spider-Man 2,Videojuego,Sony,PS5,279900,2,0,559800,3,"Ni muy bueno ni muy malo, promedio.",2023-05-09,2023-05-22,13,Completado,Nequi
ORD00013,USR002,NeonGhost,neonghost@hotmail.com,24,Chile,Buenos Aires,Free,PRD004,Spider-Man 2,Videojuego,Sony,PS5,279900,3,10,755730,4,"Muy buen producto, estoy satisfecho.",2024-06-27,2024-06-30,3,Completado,PayPal
ORD00391,USR033,MegaByteX,megabytex@outlook.com,43,México,Cali,Elite,ACC003,Control DualSense Edge,Accesorio,Sony,PS5,749900,1,5,712405,3,"Podría ser mejor, pero funciona.",2024-08-10,2024-08-17,7,Enviado,Tarjeta Crédito
ORD00257,USR022,BionicFox,bionicfox@gmail.com,21,Chile,Cali,Premium,PRD006,Cyberpunk 2077: Phantom Liberty,Videojuego,CD Projekt Red,PC,149900,3,5,427215,4,"Casi perfecto, pequeños detalles pero en general bueno.",2023-02-26,2023-03-06,8,Completado,Tarjeta Crédito
ORD00197,USR018,ZenithGamer,zenithgamer@outlook.com,43,México,Santiago,Free,ACC012,"Monitor LG UltraGear 27"" 165Hz",Accesorio,LG,PC,1299900,3,20,3119760,5,"Excelente calidad, llegó en perfecto estado.",2023-02-05,2023-02-08,3,Completado,PSE
ORD00186,USR017,CodeWarrior,codewarrior@hotmail.com,23,Perú,Medellín,Free,PRD016,Halo Infinite,Videojuego,343 Industries,Xbox Series X,149900,3,20,359760,5,"Excelente calidad, llegó en perfecto estado.",2023-04-17,2023-04-30,13,Completado,PayPal
ORD00482,USR040,TurboGhost,turboghost@gmail.com,39,Perú,Quito,Free,ACC016,Capturadora Elgato HD60 X,Accesorio,Elgato,Universal,799900,2,5,1519810,4,"Buena relación calidad-precio, lo recomiendo.",2024-12-05,2024-12-17,12,Completado,Cripto
ORD00557,USR045,YmirsCall,ymirscall@outlook.com,31,Colombia,Medellín,Free,PRD010,Diablo IV,Videojuego,Blizzard,PC,199900,3,0,599700,2,Decepcionante para el precio pagado.,2024-05-02,2024-05-17,15,Completado,Tarjeta Débito
ORD00074,USR006,LunaHunter,lunahunter@outlook.com,35,Colombia,Quito,Free,PRD008,Starfield,Videojuego,Bethesda,Xbox Series X,249900,1,0,249900,4,"Buena relación calidad-precio, lo recomiendo.",2023-03-17,2023-03-27,10,Completado,PayPal
ORD00402,USR034,NexusRaider,nexusraider@gmail.com,21,Venezuela,Caracas,Free,PRD001,The Legend of Zelda: Tears of the Kingdom,Videojuego,Nintendo,Nintendo Switch,299900,2,15,509830,5,Superó todas mis expectativas. 100% recomendado.,2023-07-26,2023-08-08,13,Completado,PSE
ORD00273,USR023,ChronoSniper,chronosniper@hotmail.com,28,Perú,Quito,Free,CON007,Steam Deck 512GB OLED,Consola,Valve,PC,1799900,1,0,1799900,4,"Cumple con lo prometido, buen producto.",2023-05-18,2023-05-25,7,Completado,Tarjeta Débito
ORD00058,USR005,StarForge,starforge@hotmail.com,18,Chile,Buenos Aires,Premium,PRD020,Call of Duty: Modern Warfare III,Videojuego,Activision,PC,249900,3,0,749700,5,"¡Increíble, lo mejor que he comprado!",2024-01-20,2024-01-27,7,Procesando,Nequi
ORD00150,USR012,QuantumAce,quantumace@outlook.com,43,España,Caracas,Free,ACC006,Control Pro Nintendo Switch,Accesorio,Nintendo,Nintendo Switch,449900,3,15,1147245,5,"¡Increíble, lo mejor que he comprado!",2023-12-29,2023-12-31,2,Completado,Efecty
ORD00083,USR007,VoidBreaker,voidbreaker@gmail.com,38,Venezuela,Buenos Aires,Premium,ACC002,Control DualSense PS5 Negro,Accesorio,Sony,PS5,399900,1,0,399900,4,"Muy buen producto, estoy satisfecho.",2024-03-18,2024-03-30,12,Completado,Tarjeta Débito
ORD00339,USR028,HexBlade,hexblade@gmail.com,31,Venezuela,Madrid,Free,ACC013,Silla Gamer Secretlab Titan EVO,Accesorio,Secretlab,Universal,2499900,1,0,2499900,5,"Absolutamente épico, vale cada peso.",2023-07-31,2023-08-13,13,Completado,Daviplata
ORD00033,USR004,CyberWolf,cyberwolf@gmail.com,34,Venezuela,Bogotá,Free,ACC007,Teclado Mecánico HyperX Alloy Origins,Accesorio,HyperX,PC,399900,3,0,1199700,5,"Excelente calidad, llegó en perfecto estado.",2024-11-17,2024-11-21,4,Completado,PSE
ORD00475,USR039,SilverBullet,silverbullet@outlook.com,29,Argentina,Madrid,Free,ACC021,Funda Nintendo Switch Hori,Accesorio,Hori,Nintendo Switch,89900,1,15,76415,2,"Le falta calidad, esperaba más.",2023-02-16,2023-02-17,1,Enviado,PSE
ORD00381,USR032,LightningRod,lightningrod@hotmail.com,20,Ecuador,Medellín,Free,ACC018,Cable HDMI 2.1 8K Belkin,Accesorio,Belkin,Universal,99900,2,0,199800,4,"Casi perfecto, pequeños detalles pero en general bueno.",2023-03-28,2023-04-07,10,Completado,Tarjeta Débito
ORD00511,USR042,VenomStrike,venomstrike@outlook.com,32,Chile,Cali,Free,PRD011,Resident Evil 4 Remake,Videojuego,Capcom,PS5,229900,3,0,689700,5,"¡Increíble, lo mejor que he comprado!",2023-01-06,2023-01-12,6,Completado,PayPal
ORD00320,USR026,FlameCore,flamecore@hotmail.com,24,México,Buenos Aires,Premium,PRD020,Call of Duty: Modern Warfare III,Videojuego,Activision,PC,249900,2,5,474810,4,"Muy buen producto, estoy satisfecho.",2023-07-31,2023-08-09,9,Completado,Cripto
ORD00431,USR036,PlasmaFist,plasmafist@outlook.com,32,Perú,Quito,Free,PRD003,Elden Ring,Videojuego,Bandai Namco,PC,199900,1,15,169915,4,"Casi perfecto, pequeños detalles pero en general bueno.",2023-05-28,2023-06-07,10,Completado,Tarjeta Crédito
ORD00351,USR029,IceCrawler,icecrawler@hotmail.com,24,Argentina,Buenos Aires,Elite,PRD014,Mortal Kombat 1,Videojuego,NetherRealm,Xbox Series X,249900,2,5,474810,2,No cumplió mis expectativas.,2024-08-30,2024-09-03,4,Completado,Tarjeta Crédito
ORD00223,USR020,TitanFall88,titanfall88@hotmail.com,27,Chile,Ciudad de México,Elite,PRD005,Hogwarts Legacy,Videojuego,WB Games,Xbox Series X,249900,2,10,449820,4,"Buen rendimiento, lo usaré por mucho tiempo.",2024-07-17,2024-07-22,5,Enviado,Tarjeta Débito
ORD00506,USR041,UltraViolet,ultraviolet@hotmail.com,32,México,Ciudad de México,Elite,ACC021,Funda Nintendo Switch Hori,Accesorio,Hori,Nintendo Switch,89900,3,20,215760,4,"Cumple con lo prometido, buen producto.",2023-09-01,2023-09-10,9,Completado,Tarjeta Crédito
ORD00016,USR002,NeonGhost,neonghost@hotmail.com,24,Chile,Buenos Aires,Free,PRD016,Halo Infinite,Videojuego,343 Industries,Xbox Series X,149900,2,0,299800,4,"Muy buen producto, estoy satisfecho.",2024-11-18,2024-11-29,11,Completado,Tarjeta Crédito
ORD00155,USR013,StormCaster,stormcaster@gmail.com,41,Colombia,Madrid,Premium,ACC023,Teclado Razer BlackWidow V4,Accesorio,Razer,PC,649900,2,0,1299800,4,"Buena relación calidad-precio, lo recomiendo.",2024-10-22,2024-11-05,14,Completado,Daviplata
ORD00093,USR008,IronPulse,ironpulse@hotmail.com,34,Perú,Bogotá,Free,ACC019,Cargador DualSense Sony Station,Accesorio,Sony,PS5,199900,2,5,379810,4,"Buena relación calidad-precio, lo recomiendo.",2023-10-07,2023-10-14,7,Enviado,Cripto
ORD00239,USR021,AlphaWave,alphawave@outlook.com,45,México,Caracas,Elite,PRD014,Mortal Kombat 1,Videojuego,NetherRealm,Xbox Series X,249900,1,0,249900,5,Superó todas mis expectativas. 100% recomendado.,2023-10-05,2023-10-20,15,Completado,Tarjeta Débito
ORD00009,USR001,DarkSlayer99,darkslayer99@gmail.com,36,México,Bogotá,Elite,PRD004,Spider-Man 2,Videojuego,Sony,PS5,279900,3,20,671760,5,Superó todas mis expectativas. 100% recomendado.,2023-01-16,2023-01-18,2,Procesando,PayPal
ORD00449,USR037,QuickScope,quickscope@gmail.com,37,México,Quito,Free,PRD017,Mario Kart 8 Deluxe,Videojuego,Nintendo,Nintendo Switch,229900,2,10,413820,4,"Buena relación calidad-precio, lo recomiendo.",2023-02-06,2023-02-16,10,Completado,PSE
ORD00129,USR011,BladeRunner7,bladerunner7@hotmail.com,18,Venezuela,Medellín,Free,PRD009,Final Fantasy XVI,Videojuego,Square Enix,PS5,279900,3,5,797715,4,"Cumple con lo prometido, buen producto.",2023-04-27,2023-05-09,12,Completado,Tarjeta Débito
ORD00612,USR050,DoomStalker,doomstalker@hotmail.com,24,Venezuela,Buenos Aires,Premium,PRD001,The Legend of Zelda: Tears of the Kingdom,Videojuego,Nintendo,Nintendo Switch,299900,2,10,539820,5,"Excelente calidad, llegó en perfecto estado.",2024-09-03,2024-09-07,4,Completado,Nequi
ORD00289,USR024,DeltaForce1,deltaforce1@outlook.com,37,España,Bogotá,Free,PRD006,Cyberpunk 2077: Phantom Liberty,Videojuego,CD Projekt Red,PC,149900,2,15,254830,5,Superó todas mis expectativas. 100% recomendado.,2024-04-15,2024-04-25,10,Completado,Daviplata
ORD00105,USR010,ArcaneRift,arcanerift@gmail.com,20,Chile,Lima,Free,ACC001,Control DualSense PS5 Blanco,Accesorio,Sony,PS5,399900,1,0,399900,3,Cumple su función pero nada del otro mundo.,2024-02-26,2024-03-07,10,Completado,PayPal
ORD00191,USR018,ZenithGamer,zenithgamer@outlook.com,43,México,Santiago,Free,PRD008,Starfield,Videojuego,Bethesda,Xbox Series X,249900,2,5,474810,4,"Cumple con lo prometido, buen producto.",2024-02-14,2024-02-26,12,Completado,PayPal
ORD00023,USR003,PixelKnight,pixelknight@outlook.com,39,México,Quito,Free,ACC021,Funda Nintendo Switch Hori,Accesorio,Hori,Nintendo Switch,89900,2,0,179800,4,"Buena relación calidad-precio, lo recomiendo.",2024-03-13,2024-03-22,9,Completado,Tarjeta Crédito
ORD00548,USR045,YmirsCall,ymirscall@outlook.com,31,Colombia,Medellín,Free,ACC024,Mouse Razer DeathAdder V3 Pro,Accesorio,Razer,PC,699900,2,5,1329810,5,Superó todas mis expectativas. 100% recomendado.,2023-01-07,2023-01-16,9,Enviado,Nequi
ORD00051,USR005,StarForge,starforge@hotmail.com,18,Chile,Buenos Aires,Premium,ACC003,Control DualSense Edge,Accesorio,Sony,PS5,749900,1,10,674910,5,"Absolutamente épico, vale cada peso.",2024-06-30,2024-07-01,1,Enviado,Tarjeta Crédito
ORD00156,USR013,StormCaster,stormcaster@gmail.com,41,Colombia,Madrid,Premium,PRD013,Street Fighter 6,Videojuego,Capcom,PS5,249900,1,20,199920,5,"Top tier, no hay nada mejor en el mercado.",2024-11-02,2024-11-04,2,Completado,Cripto
ORD00020,USR002,NeonGhost,neonghost@hotmail.com,24,Chile,Buenos Aires,Free,PRD017,Mario Kart 8 Deluxe,Videojuego,Nintendo,Nintendo Switch,229900,1,10,206910,5,Superó todas mis expectativas. 100% recomendado.,2024-07-20,2024-07-23,3,Completado,PSE
ORD00329,USR027,GlitchHunter,glitchhunter@outlook.com,44,España,Buenos Aires,Elite,PRD016,Halo Infinite,Videojuego,343 Industries,Xbox Series X,149900,2,5,284810,3,"Podría ser mejor, pero funciona.",2024-01-18,2024-01-30,12,Completado,PayPal
ORD00610,USR050,DoomStalker,doomstalker@hotmail.com,24,Venezuela,Buenos Aires,Premium,ACC002,Control DualSense PS5 Negro,Accesorio,Sony,PS5,399900,2,0,799800,4,"Buen rendimiento, lo usaré por mucho tiempo.",2023-09-24,2023-09-27,3,Completado,PayPal
ORD00504,USR041,UltraViolet,ultraviolet@hotmail.com,32,México,Ciudad de México,Elite,PRD018,Pokémon Scarlet,Videojuego,Game Freak,Nintendo Switch,249900,1,0,249900,5,"Excelente calidad, llegó en perfecto estado.",2024-11-30,2024-12-05,5,Completado,Nequi
ORD00279,USR024,DeltaForce1,deltaforce1@outlook.com,37,España,Bogotá,Free,ACC025,Microfono Blue Yeti GX,Accesorio,Blue,PC,549900,3,0,1649700,4,"Casi perfecto, pequeños detalles pero en general bueno.",2023-11-24,2023-12-09,15,Completado,Tarjeta Crédito
ORD00464,USR038,RogueAgent,rogueagent@hotmail.com,40,España,Medellín,Free,ACC025,Microfono Blue Yeti GX,Accesorio,Blue,PC,549900,2,0,1099800,1,"Muy mala experiencia, no lo recomiendo.",2023-08-18,2023-08-30,12,Devuelto,PayPal
ORD00467,USR038,RogueAgent,rogueagent@hotmail.com,40,España,Medellín,Free,ACC002,Control DualSense PS5 Negro,Accesorio,Sony,PS5,399900,2,0,799800,3,"Regular, esperaba algo mejor.",2023-09-16,2023-09-24,8,Completado,Daviplata
ORD00114,USR010,ArcaneRift,arcanerift@gmail.com,20,Chile,Lima,Free,PRD019,Dead Space Remake,Videojuego,EA,PS5,229900,2,10,413820,5,"Excelente calidad, llegó en perfecto estado.",2023-06-29,2023-07-03,4,Completado,Daviplata
ORD00297,USR025,EpicLancer,epiclancer@gmail.com,42,Colombia,Lima,Premium,PRD015,Forza Horizon 5,Videojuego,Microsoft,Xbox Series X,199900,1,20,159920,4,"Cumple con lo prometido, buen producto.",2024-09-20,2024-09-30,10,Completado,Tarjeta Crédito
ORD00140,USR012,QuantumAce,quantumace@outlook.com,43,España,Caracas,Free,PRD007,Baldur's Gate 3,Videojuego,Larian Studios,PC,219900,2,10,395820,5,Superó todas mis expectativas. 100% recomendado.,2024-01-12,2024-01-14,2,Completado,Efecty
ORD00187,USR017,CodeWarrior,codewarrior@hotmail.com,23,Perú,Medellín,Free,PRD003,Elden Ring,Videojuego,Bandai Namco,PC,199900,2,15,339830,4,"Casi perfecto, pequeños detalles pero en general bueno.",2024-10-20,2024-10-23,3,Enviado,Cripto
ORD00071,USR006,LunaHunter,lunahunter@outlook.com,35,Colombia,Quito,Free,PRD019,Dead Space Remake,Videojuego,EA,PS5,229900,1,0,229900,4,"Cumple con lo prometido, buen producto.",2023-11-06,2023-11-07,1,Completado,Tarjeta Crédito
ORD00193,USR018,ZenithGamer,zenithgamer@outlook.com,43,México,Santiago,Free,ACC001,Control DualSense PS5 Blanco,Accesorio,Sony,PS5,399900,3,0,1199700,5,"¡Increíble, lo mejor que he comprado!",2023-07-04,2023-07-13,9,Completado,PSE
ORD00423,USR035,OmegaPrime,omegaprime@hotmail.com,28,Venezuela,Caracas,Premium,ACC016,Capturadora Elgato HD60 X,Accesorio,Elgato,Universal,799900,2,10,1439820,5,"¡Increíble, lo mejor que he comprado!",2024-02-28,2024-03-12,13,Completado,Efecty
ORD00276,USR023,ChronoSniper,chronosniper@hotmail.com,28,Perú,Quito,Free,CON002,PlayStation 5 Slim Disc,Consola,Sony,PS5,2199900,1,15,1869915,4,"Muy buen producto, estoy satisfecho.",2023-01-16,2023-01-20,4,Procesando,Cripto
ORD00545,USR045,YmirsCall,ymirscall@outlook.com,31,Colombia,Medellín,Free,PRD007,Baldur's Gate 3,Videojuego,Larian Studios,PC,219900,3,15,560745,5,"Excelente calidad, llegó en perfecto estado.",2024-10-10,2024-10-24,14,Completado,PayPal
ORD00292,USR024,DeltaForce1,deltaforce1@outlook.com,37,España,Bogotá,Free,ACC010,Headset SteelSeries Arctis Nova Pro,Accesorio,SteelSeries,PC,899900,1,20,719920,5,"Absolutamente épico, vale cada peso.",2023-02-13,2023-02-17,4,Completado,Cripto
